,Survey year,Unitid,Institution name,Campus ID, Campus Name,Institution Size,Domestic violence,Dating violence,Stalking,Location,There are no data to download.
0,2014.0,164988.0,Boston University,1.0,Boston University Charles River Campus,32112.0,0.0,0.0,0.0,Noncampus,
1,2015.0,164988.0,Boston University,1.0,Boston University Charles River Campus,32158.0,0.0,0.0,0.0,Noncampus,
2,2016.0,164988.0,Boston University,1.0,Boston University Charles River Campus,32695.0,0.0,0.0,0.0,Noncampus,
0,2014.0,164988.0,Boston University,1.0,Boston University Charles River Campus,32112.0,0.0,8.0,15.0,On_campus,
1,2015.0,164988.0,Boston University,1.0,Boston University Charles River Campus,32158.0,4.0,5.0,12.0,On_campus,
2,2016.0,164988.0,Boston University,1.0,Boston University Charles River Campus,32695.0,7.0,5.0,15.0,On_campus,
0,2014.0,164988.0,Boston University,1.0,Boston University Charles River Campus,32112.0,0.0,7.0,5.0,On_campus_Student_Housing_Facilities,
1,2015.0,164988.0,Boston University,1.0,Boston University Charles River Campus,32158.0,3.0,4.0,4.0,On_campus_Student_Housing_Facilities,
2,2016.0,164988.0,Boston University,1.0,Boston University Charles River Campus,32695.0,4.0,4.0,8.0,On_campus_Student_Housing_Facilities,
0,2014.0,164988.0,Boston University,1.0,Boston University Charles River Campus,32112.0,0.0,0.0,0.0,Public_Property,
1,2015.0,164988.0,Boston University,1.0,Boston University Charles River Campus,32158.0,2.0,4.0,0.0,Public_Property,
2,2016.0,164988.0,Boston University,1.0,Boston University Charles River Campus,32695.0,0.0,3.0,0.0,Public_Property,
0,2014.0,211431.0,Carlow University,1.0,Main Campus,2201.0,0.0,0.0,1.0,Noncampus,
1,2016.0,211431.0,Carlow University,1.0,Main Campus,2255.0,0.0,0.0,0.0,Noncampus,
0,2014.0,211431.0,Carlow University,1.0,Main Campus,2201.0,0.0,1.0,0.0,On_campus,
1,2015.0,211431.0,Carlow University,1.0,Main Campus,2272.0,0.0,0.0,0.0,On_campus,
2,2016.0,211431.0,Carlow University,1.0,Main Campus,2255.0,0.0,0.0,0.0,On_campus,
0,2014.0,211431.0,Carlow University,1.0,Main Campus,2201.0,0.0,1.0,0.0,On_campus_Student_Housing_Facilities,
1,2015.0,211431.0,Carlow University,1.0,Main Campus,2272.0,0.0,0.0,0.0,On_campus_Student_Housing_Facilities,
2,2016.0,211431.0,Carlow University,1.0,Main Campus,2255.0,0.0,0.0,0.0,On_campus_Student_Housing_Facilities,
0,2014.0,211431.0,Carlow University,1.0,Main Campus,2201.0,0.0,0.0,0.0,Public_Property,
1,2015.0,211431.0,Carlow University,1.0,Main Campus,2272.0,0.0,0.0,0.0,Public_Property,
2,2016.0,211431.0,Carlow University,1.0,Main Campus,2255.0,0.0,0.0,0.0,Public_Property,
0,2014.0,211440.0,Carnegie Mellon University,1.0,Main Campus,12587.0,0.0,0.0,0.0,Noncampus,
1,2015.0,211440.0,Carnegie Mellon University,1.0,Main Campus,12963.0,0.0,0.0,0.0,Noncampus,
2,2016.0,211440.0,Carnegie Mellon University,1.0,Main Campus,13258.0,0.0,1.0,1.0,Noncampus,
0,2014.0,211440.0,Carnegie Mellon University,1.0,Main Campus,12587.0,2.0,5.0,27.0,On_campus,
1,2015.0,211440.0,Carnegie Mellon University,1.0,Main Campus,12963.0,2.0,15.0,15.0,On_campus,
2,2016.0,211440.0,Carnegie Mellon University,1.0,Main Campus,13258.0,3.0,22.0,28.0,On_campus,
0,2014.0,211440.0,Carnegie Mellon University,1.0,Main Campus,12587.0,0.0,4.0,7.0,On_campus_Student_Housing_Facilities,
1,2015.0,211440.0,Carnegie Mellon University,1.0,Main Campus,12963.0,0.0,11.0,4.0,On_campus_Student_Housing_Facilities,
2,2016.0,211440.0,Carnegie Mellon University,1.0,Main Campus,13258.0,0.0,9.0,8.0,On_campus_Student_Housing_Facilities,
0,2014.0,211440.0,Carnegie Mellon University,1.0,Main Campus,12587.0,0.0,0.0,0.0,Public_Property,
1,2015.0,211440.0,Carnegie Mellon University,1.0,Main Campus,12963.0,0.0,0.0,0.0,Public_Property,
2,2016.0,211440.0,Carnegie Mellon University,1.0,Main Campus,13258.0,1.0,0.0,0.0,Public_Property,
0,2014.0,211556.0,Chatham University,1.0,Main Campus,2134.0,0.0,0.0,0.0,Noncampus,
1,2015.0,211556.0,Chatham University,1.0,Main Campus,2224.0,0.0,0.0,0.0,Noncampus,
2,2016.0,211556.0,Chatham University,1.0,Main Campus,2110.0,0.0,0.0,0.0,Noncampus,
0,2014.0,211556.0,Chatham University,1.0,Main Campus,2134.0,0.0,0.0,0.0,On_campus,
1,2015.0,211556.0,Chatham University,1.0,Main Campus,2224.0,1.0,0.0,0.0,On_campus,
2,2016.0,211556.0,Chatham University,1.0,Main Campus,2110.0,0.0,1.0,0.0,On_campus,
0,2014.0,211556.0,Chatham University,1.0,Main Campus,2134.0,0.0,0.0,0.0,On_campus_Student_Housing_Facilities,
1,2015.0,211556.0,Chatham University,1.0,Main Campus,2224.0,1.0,0.0,0.0,On_campus_Student_Housing_Facilities,
2,2016.0,211556.0,Chatham University,1.0,Main Campus,2110.0,0.0,1.0,0.0,On_campus_Student_Housing_Facilities,
0,2014.0,211556.0,Chatham University,1.0,Main Campus,2134.0,0.0,0.0,0.0,Public_Property,
1,2015.0,211556.0,Chatham University,1.0,Main Campus,2224.0,0.0,0.0,0.0,Public_Property,
2,2016.0,211556.0,Chatham University,1.0,Main Campus,2110.0,0.0,0.0,0.0,Public_Property,
0,2014.0,190150.0,Columbia University in the City of New York,1.0,Morningside Campus,27589.0,0.0,0.0,0.0,Noncampus,
1,2015.0,190150.0,Columbia University in the City of New York,1.0,Morningside Campus,28086.0,0.0,0.0,1.0,Noncampus,
2,2016.0,190150.0,Columbia University in the City of New York,1.0,Morningside Campus,29372.0,1.0,0.0,1.0,Noncampus,
0,2014.0,190150.0,Columbia University in the City of New York,1.0,Morningside Campus,27589.0,5.0,13.0,19.0,On_campus,
1,2014.0,190150.0,Columbia University in the City of New York,2.0,Columbia University Medical Center,27589.0,3.0,1.0,7.0,On_campus,
2,2015.0,190150.0,Columbia University in the City of New York,1.0,Morningside Campus,28086.0,3.0,10.0,23.0,On_campus,
3,2015.0,190150.0,Columbia University in the City of New York,2.0,Columbia University Medical Center,28086.0,1.0,4.0,5.0,On_campus,
4,2016.0,190150.0,Columbia University in the City of New York,1.0,Morningside Campus,29372.0,6.0,9.0,18.0,On_campus,
5,2016.0,190150.0,Columbia University in the City of New York,2.0,Columbia University Medical Center,29372.0,3.0,2.0,6.0,On_campus,
0,2014.0,190150.0,Columbia University in the City of New York,1.0,Morningside Campus,27589.0,0.0,0.0,5.0,On_campus_Student_Housing_Facilities,
1,2014.0,190150.0,Columbia University in the City of New York,2.0,Columbia University Medical Center,27589.0,0.0,0.0,0.0,On_campus_Student_Housing_Facilities,
2,2015.0,190150.0,Columbia University in the City of New York,1.0,Morningside Campus,28086.0,0.0,2.0,5.0,On_campus_Student_Housing_Facilities,
3,2015.0,190150.0,Columbia University in the City of New York,2.0,Columbia University Medical Center,28086.0,1.0,0.0,0.0,On_campus_Student_Housing_Facilities,
4,2016.0,190150.0,Columbia University in the City of New York,1.0,Morningside Campus,29372.0,0.0,7.0,11.0,On_campus_Student_Housing_Facilities,
5,2016.0,190150.0,Columbia University in the City of New York,2.0,Columbia University Medical Center,29372.0,0.0,0.0,0.0,On_campus_Student_Housing_Facilities,
0,2014.0,190150.0,Columbia University in the City of New York,1.0,Morningside Campus,27589.0,0.0,2.0,1.0,Public_Property,
1,2014.0,190150.0,Columbia University in the City of New York,2.0,Columbia University Medical Center,27589.0,0.0,0.0,0.0,Public_Property,
2,2015.0,190150.0,Columbia University in the City of New York,1.0,Morningside Campus,28086.0,0.0,0.0,0.0,Public_Property,
3,2015.0,190150.0,Columbia University in the City of New York,2.0,Columbia University Medical Center,28086.0,0.0,0.0,0.0,Public_Property,
4,2016.0,190150.0,Columbia University in the City of New York,1.0,Morningside Campus,29372.0,0.0,4.0,0.0,Public_Property,
5,2016.0,190150.0,Columbia University in the City of New York,2.0,Columbia University Medical Center,29372.0,0.0,0.0,0.0,Public_Property,
0,2014.0,208488.0,Concordia University-Portland,1.0,Main Campus,7435.0,0.0,0.0,0.0,Noncampus,
1,2015.0,208488.0,Concordia University-Portland,1.0,Main Campus,7182.0,0.0,0.0,0.0,Noncampus,
2,2016.0,208488.0,Concordia University-Portland,1.0,Main Campus,5455.0,0.0,0.0,0.0,Noncampus,
0,2014.0,208488.0,Concordia University-Portland,1.0,Main Campus,7435.0,0.0,0.0,0.0,On_campus,
1,2015.0,208488.0,Concordia University-Portland,1.0,Main Campus,7182.0,0.0,0.0,0.0,On_campus,
2,2016.0,208488.0,Concordia University-Portland,1.0,Main Campus,5455.0,0.0,0.0,0.0,On_campus,
0,2014.0,208488.0,Concordia University-Portland,1.0,Main Campus,7435.0,0.0,0.0,0.0,On_campus_Student_Housing_Facilities,
1,2015.0,208488.0,Concordia University-Portland,1.0,Main Campus,7182.0,0.0,0.0,0.0,On_campus_Student_Housing_Facilities,
2,2016.0,208488.0,Concordia University-Portland,1.0,Main Campus,5455.0,0.0,0.0,0.0,On_campus_Student_Housing_Facilities,
0,2014.0,208488.0,Concordia University-Portland,1.0,Main Campus,7435.0,0.0,0.0,0.0,Public_Property,
1,2015.0,208488.0,Concordia University-Portland,1.0,Main Campus,7182.0,0.0,0.0,0.0,Public_Property,
2,2016.0,208488.0,Concordia University-Portland,1.0,Main Campus,5455.0,0.0,0.0,0.0,Public_Property,
0,2014.0,190415.0,Cornell University,1.0,Endowed and Contract College Campuses,21679.0,2.0,4.0,2.0,Noncampus,
1,2014.0,190415.0,Cornell University,2.0,Cornell Tech Campus,21679.0,0.0,0.0,0.0,Noncampus,
2,2015.0,190415.0,Cornell University,1.0,Endowed and Contract College Campuses,21904.0,0.0,0.0,1.0,Noncampus,
3,2016.0,190415.0,Cornell University,1.0,Endowed and Contract College Campuses,22319.0,0.0,4.0,0.0,Noncampus,
0,2014.0,190415.0,Cornell University,1.0,Endowed and Contract College Campuses,21679.0,8.0,8.0,6.0,On_campus,
1,2014.0,190415.0,Cornell University,2.0,Cornell Tech Campus,21679.0,0.0,0.0,0.0,On_campus,
2,2015.0,190415.0,Cornell University,1.0,Endowed and Contract College Campuses,21904.0,3.0,1.0,7.0,On_campus,
3,2015.0,190415.0,Cornell University,2.0,Cornell Tech Campus,21904.0,0.0,0.0,0.0,On_campus,
4,2016.0,190415.0,Cornell University,1.0,Endowed and Contract College Campuses,22319.0,6.0,11.0,17.0,On_campus,
5,2016.0,190415.0,Cornell University,2.0,Cornell Tech Campus,22319.0,0.0,0.0,0.0,On_campus,
0,2014.0,190415.0,Cornell University,1.0,Endowed and Contract College Campuses,21679.0,4.0,5.0,2.0,On_campus_Student_Housing_Facilities,
1,2015.0,190415.0,Cornell University,1.0,Endowed and Contract College Campuses,21904.0,1.0,0.0,2.0,On_campus_Student_Housing_Facilities,
2,2016.0,190415.0,Cornell University,1.0,Endowed and Contract College Campuses,22319.0,4.0,3.0,4.0,On_campus_Student_Housing_Facilities,
0,2014.0,190415.0,Cornell University,1.0,Endowed and Contract College Campuses,21679.0,0.0,1.0,0.0,Public_Property,
1,2014.0,190415.0,Cornell University,2.0,Cornell Tech Campus,21679.0,0.0,0.0,0.0,Public_Property,
2,2015.0,190415.0,Cornell University,1.0,Endowed and Contract College Campuses,21904.0,0.0,0.0,1.0,Public_Property,
3,2015.0,190415.0,Cornell University,2.0,Cornell Tech Campus,21904.0,0.0,0.0,0.0,Public_Property,
4,2016.0,190415.0,Cornell University,1.0,Endowed and Contract College Campuses,22319.0,0.0,0.0,0.0,Public_Property,
5,2016.0,190415.0,Cornell University,2.0,Cornell Tech Campus,22319.0,0.0,0.0,0.0,Public_Property,
0,2014.0,212106.0,Duquesne University,1.0,Main Campus,9648.0,0.0,0.0,0.0,Noncampus,
1,2015.0,212106.0,Duquesne University,1.0,Main Campus,9404.0,0.0,0.0,0.0,Noncampus,
2,2016.0,212106.0,Duquesne University,1.0,Main Campus,9343.0,0.0,0.0,0.0,Noncampus,
0,2014.0,212106.0,Duquesne University,1.0,Main Campus,9648.0,1.0,6.0,2.0,On_campus,
1,2015.0,212106.0,Duquesne University,1.0,Main Campus,9404.0,1.0,2.0,1.0,On_campus,
2,2016.0,212106.0,Duquesne University,1.0,Main Campus,9343.0,3.0,5.0,3.0,On_campus,
0,2014.0,212106.0,Duquesne University,1.0,Main Campus,9648.0,1.0,5.0,1.0,On_campus_Student_Housing_Facilities,
1,2015.0,212106.0,Duquesne University,1.0,Main Campus,9404.0,1.0,1.0,1.0,On_campus_Student_Housing_Facilities,
2,2016.0,212106.0,Duquesne University,1.0,Main Campus,9343.0,3.0,3.0,1.0,On_campus_Student_Housing_Facilities,
0,2014.0,212106.0,Duquesne University,1.0,Main Campus,9648.0,1.0,0.0,0.0,Public_Property,
1,2015.0,212106.0,Duquesne University,1.0,Main Campus,9404.0,0.0,0.0,1.0,Public_Property,
2,2016.0,212106.0,Duquesne University,1.0,Main Campus,9343.0,0.0,0.0,0.0,Public_Property,
0,2014.0,139658.0,Emory University,1.0,Main Campus,14769.0,0.0,0.0,0.0,Noncampus,
1,2015.0,139658.0,Emory University,1.0,Main Campus,13788.0,0.0,0.0,0.0,Noncampus,
2,2016.0,139658.0,Emory University,1.0,Main Campus,14067.0,0.0,0.0,0.0,Noncampus,
0,2014.0,139658.0,Emory University,1.0,Main Campus,14769.0,4.0,9.0,11.0,On_campus,
1,2015.0,139658.0,Emory University,1.0,Main Campus,13788.0,1.0,3.0,17.0,On_campus,
2,2016.0,139658.0,Emory University,1.0,Main Campus,14067.0,4.0,2.0,17.0,On_campus,
0,2014.0,139658.0,Emory University,1.0,Main Campus,14769.0,1.0,4.0,0.0,On_campus_Student_Housing_Facilities,
1,2015.0,139658.0,Emory University,1.0,Main Campus,13788.0,0.0,2.0,3.0,On_campus_Student_Housing_Facilities,
2,2016.0,139658.0,Emory University,1.0,Main Campus,14067.0,0.0,0.0,3.0,On_campus_Student_Housing_Facilities,
0,2014.0,139658.0,Emory University,1.0,Main Campus,14769.0,0.0,0.0,0.0,Public_Property,
1,2015.0,139658.0,Emory University,1.0,Main Campus,13788.0,1.0,0.0,0.0,Public_Property,
2,2016.0,139658.0,Emory University,1.0,Main Campus,14067.0,0.0,0.0,0.0,Public_Property,
0,2014.0,191241.0,Fordham University,1.0,Main Campus,15231.0,0.0,0.0,0.0,Noncampus,
1,2014.0,191241.0,Fordham University,2.0,FORDHAM UNI-LINCOLN CENTER CAMPUS,15231.0,0.0,0.0,0.0,Noncampus,
2,2014.0,191241.0,Fordham University,4.0,Fordham in London,15231.0,0.0,0.0,0.0,Noncampus,
3,2014.0,191241.0,Fordham University,5.0,Forham in Granada,15231.0,0.0,0.0,0.0,Noncampus,
4,2014.0,191241.0,Fordham University,6.0,Fordham in Pretoria,15231.0,0.0,0.0,0.0,Noncampus,
5,2015.0,191241.0,Fordham University,1.0,Main Campus,15286.0,0.0,0.0,0.0,Noncampus,
6,2015.0,191241.0,Fordham University,2.0,FORDHAM UNI-LINCOLN CENTER CAMPUS,15286.0,0.0,0.0,0.0,Noncampus,
7,2015.0,191241.0,Fordham University,4.0,Fordham in London,15286.0,0.0,0.0,0.0,Noncampus,
8,2015.0,191241.0,Fordham University,5.0,Forham in Granada,15286.0,0.0,0.0,0.0,Noncampus,
9,2015.0,191241.0,Fordham University,6.0,Fordham in Pretoria,15286.0,0.0,0.0,0.0,Noncampus,
10,2016.0,191241.0,Fordham University,1.0,Main Campus,15582.0,0.0,0.0,0.0,Noncampus,
11,2016.0,191241.0,Fordham University,2.0,FORDHAM UNI-LINCOLN CENTER CAMPUS,15582.0,0.0,0.0,0.0,Noncampus,
12,2016.0,191241.0,Fordham University,4.0,Fordham in London,15582.0,0.0,0.0,0.0,Noncampus,
13,2016.0,191241.0,Fordham University,5.0,Forham in Granada,15582.0,0.0,0.0,0.0,Noncampus,
14,2016.0,191241.0,Fordham University,6.0,Fordham in Pretoria,15582.0,0.0,0.0,0.0,Noncampus,
0,2014.0,191241.0,Fordham University,1.0,Main Campus,15231.0,0.0,2.0,1.0,On_campus,
1,2014.0,191241.0,Fordham University,2.0,FORDHAM UNI-LINCOLN CENTER CAMPUS,15231.0,0.0,0.0,0.0,On_campus,
2,2014.0,191241.0,Fordham University,3.0,Fordham University - Westchester Campus,15231.0,0.0,0.0,0.0,On_campus,
3,2014.0,191241.0,Fordham University,4.0,Fordham in London,15231.0,0.0,0.0,0.0,On_campus,
4,2014.0,191241.0,Fordham University,5.0,Forham in Granada,15231.0,0.0,0.0,0.0,On_campus,
5,2014.0,191241.0,Fordham University,6.0,Fordham in Pretoria,15231.0,0.0,0.0,0.0,On_campus,
6,2014.0,191241.0,Fordham University,7.0,Louis Calder Center,15231.0,0.0,0.0,0.0,On_campus,
7,2015.0,191241.0,Fordham University,1.0,Main Campus,15286.0,0.0,3.0,0.0,On_campus,
8,2015.0,191241.0,Fordham University,2.0,FORDHAM UNI-LINCOLN CENTER CAMPUS,15286.0,0.0,2.0,1.0,On_campus,
9,2015.0,191241.0,Fordham University,3.0,Fordham University - Westchester Campus,15286.0,0.0,0.0,0.0,On_campus,
10,2015.0,191241.0,Fordham University,4.0,Fordham in London,15286.0,0.0,0.0,0.0,On_campus,
11,2015.0,191241.0,Fordham University,5.0,Forham in Granada,15286.0,0.0,0.0,0.0,On_campus,
12,2015.0,191241.0,Fordham University,6.0,Fordham in Pretoria,15286.0,0.0,0.0,0.0,On_campus,
13,2015.0,191241.0,Fordham University,7.0,Louis Calder Center,15286.0,0.0,0.0,0.0,On_campus,
14,2016.0,191241.0,Fordham University,1.0,Main Campus,15582.0,0.0,2.0,3.0,On_campus,
15,2016.0,191241.0,Fordham University,2.0,FORDHAM UNI-LINCOLN CENTER CAMPUS,15582.0,0.0,2.0,2.0,On_campus,
16,2016.0,191241.0,Fordham University,3.0,Fordham University - Westchester Campus,15582.0,0.0,0.0,0.0,On_campus,
17,2016.0,191241.0,Fordham University,4.0,Fordham in London,15582.0,0.0,0.0,0.0,On_campus,
18,2016.0,191241.0,Fordham University,5.0,Forham in Granada,15582.0,0.0,0.0,0.0,On_campus,
19,2016.0,191241.0,Fordham University,6.0,Fordham in Pretoria,15582.0,0.0,0.0,0.0,On_campus,
20,2016.0,191241.0,Fordham University,7.0,Louis Calder Center,15582.0,0.0,0.0,0.0,On_campus,
0,2014.0,191241.0,Fordham University,1.0,Main Campus,15231.0,0.0,0.0,1.0,On_campus_Student_Housing_Facilities,
1,2014.0,191241.0,Fordham University,2.0,FORDHAM UNI-LINCOLN CENTER CAMPUS,15231.0,0.0,0.0,0.0,On_campus_Student_Housing_Facilities,
2,2014.0,191241.0,Fordham University,4.0,Fordham in London,15231.0,0.0,0.0,0.0,On_campus_Student_Housing_Facilities,
3,2014.0,191241.0,Fordham University,7.0,Louis Calder Center,15231.0,0.0,0.0,0.0,On_campus_Student_Housing_Facilities,
4,2015.0,191241.0,Fordham University,1.0,Main Campus,15286.0,0.0,3.0,0.0,On_campus_Student_Housing_Facilities,
5,2015.0,191241.0,Fordham University,2.0,FORDHAM UNI-LINCOLN CENTER CAMPUS,15286.0,0.0,2.0,0.0,On_campus_Student_Housing_Facilities,
6,2015.0,191241.0,Fordham University,4.0,Fordham in London,15286.0,0.0,0.0,0.0,On_campus_Student_Housing_Facilities,
7,2015.0,191241.0,Fordham University,7.0,Louis Calder Center,15286.0,0.0,0.0,0.0,On_campus_Student_Housing_Facilities,
8,2016.0,191241.0,Fordham University,1.0,Main Campus,15582.0,0.0,2.0,0.0,On_campus_Student_Housing_Facilities,
9,2016.0,191241.0,Fordham University,2.0,FORDHAM UNI-LINCOLN CENTER CAMPUS,15582.0,0.0,1.0,0.0,On_campus_Student_Housing_Facilities,
10,2016.0,191241.0,Fordham University,7.0,Louis Calder Center,15582.0,0.0,0.0,0.0,On_campus_Student_Housing_Facilities,
0,2014.0,191241.0,Fordham University,1.0,Main Campus,15231.0,0.0,0.0,1.0,Public_Property,
1,2014.0,191241.0,Fordham University,2.0,FORDHAM UNI-LINCOLN CENTER CAMPUS,15231.0,0.0,0.0,0.0,Public_Property,
2,2014.0,191241.0,Fordham University,3.0,Fordham University - Westchester Campus,15231.0,0.0,0.0,0.0,Public_Property,
3,2014.0,191241.0,Fordham University,4.0,Fordham in London,15231.0,0.0,0.0,0.0,Public_Property,
4,2014.0,191241.0,Fordham University,5.0,Forham in Granada,15231.0,0.0,0.0,0.0,Public_Property,
5,2014.0,191241.0,Fordham University,6.0,Fordham in Pretoria,15231.0,0.0,0.0,0.0,Public_Property,
6,2014.0,191241.0,Fordham University,7.0,Louis Calder Center,15231.0,0.0,0.0,0.0,Public_Property,
7,2015.0,191241.0,Fordham University,1.0,Main Campus,15286.0,0.0,0.0,0.0,Public_Property,
8,2015.0,191241.0,Fordham University,2.0,FORDHAM UNI-LINCOLN CENTER CAMPUS,15286.0,0.0,0.0,0.0,Public_Property,
9,2015.0,191241.0,Fordham University,3.0,Fordham University - Westchester Campus,15286.0,0.0,0.0,0.0,Public_Property,
10,2015.0,191241.0,Fordham University,4.0,Fordham in London,15286.0,0.0,0.0,0.0,Public_Property,
11,2015.0,191241.0,Fordham University,5.0,Forham in Granada,15286.0,0.0,0.0,0.0,Public_Property,
12,2015.0,191241.0,Fordham University,6.0,Fordham in Pretoria,15286.0,0.0,0.0,0.0,Public_Property,
13,2015.0,191241.0,Fordham University,7.0,Louis Calder Center,15286.0,0.0,0.0,0.0,Public_Property,
14,2016.0,191241.0,Fordham University,1.0,Main Campus,15582.0,0.0,0.0,0.0,Public_Property,
15,2016.0,191241.0,Fordham University,2.0,FORDHAM UNI-LINCOLN CENTER CAMPUS,15582.0,0.0,0.0,0.0,Public_Property,
16,2016.0,191241.0,Fordham University,3.0,Fordham University - Westchester Campus,15582.0,0.0,0.0,0.0,Public_Property,
17,2016.0,191241.0,Fordham University,4.0,Fordham in London,15582.0,0.0,0.0,0.0,Public_Property,
18,2016.0,191241.0,Fordham University,5.0,Forham in Granada,15582.0,0.0,0.0,0.0,Public_Property,
19,2016.0,191241.0,Fordham University,6.0,Fordham in Pretoria,15582.0,0.0,0.0,0.0,Public_Property,
20,2016.0,191241.0,Fordham University,7.0,Louis Calder Center,15582.0,0.0,0.0,0.0,Public_Property,
0,2014.0,139755.0,Georgia Institute of Technology-Main Campus,1.0,Main Campus,23109.0,0.0,1.0,0.0,Noncampus,
1,2015.0,139755.0,Georgia Institute of Technology-Main Campus,1.0,Main Campus,25034.0,0.0,0.0,1.0,Noncampus,
2,2016.0,139755.0,Georgia Institute of Technology-Main Campus,1.0,Main Campus,26839.0,0.0,0.0,0.0,Noncampus,
0,2014.0,139755.0,Georgia Institute of Technology-Main Campus,1.0,Main Campus,23109.0,3.0,6.0,8.0,On_campus,
1,2015.0,139755.0,Georgia Institute of Technology-Main Campus,1.0,Main Campus,25034.0,3.0,5.0,9.0,On_campus,
2,2016.0,139755.0,Georgia Institute of Technology-Main Campus,1.0,Main Campus,26839.0,3.0,7.0,7.0,On_campus,
0,2014.0,139755.0,Georgia Institute of Technology-Main Campus,1.0,Main Campus,23109.0,2.0,6.0,4.0,On_campus_Student_Housing_Facilities,
1,2015.0,139755.0,Georgia Institute of Technology-Main Campus,1.0,Main Campus,25034.0,1.0,1.0,3.0,On_campus_Student_Housing_Facilities,
2,2016.0,139755.0,Georgia Institute of Technology-Main Campus,1.0,Main Campus,26839.0,2.0,3.0,2.0,On_campus_Student_Housing_Facilities,
0,2014.0,139755.0,Georgia Institute of Technology-Main Campus,1.0,Main Campus,23109.0,0.0,0.0,0.0,Public_Property,
1,2015.0,139755.0,Georgia Institute of Technology-Main Campus,1.0,Main Campus,25034.0,0.0,0.0,0.0,Public_Property,
2,2016.0,139755.0,Georgia Institute of Technology-Main Campus,1.0,Main Campus,26839.0,0.0,1.0,0.0,Public_Property,
0,2014.0,139940.0,Georgia State University,1.0,Main Campus,32556.0,0.0,1.0,4.0,Noncampus,
1,2015.0,139940.0,Georgia State University,1.0,Main Campus,32058.0,0.0,0.0,0.0,Noncampus,
2,2016.0,139940.0,Georgia State University,1.0,Main Campus,32237.0,0.0,0.0,0.0,Noncampus,
0,2014.0,139940.0,Georgia State University,1.0,Main Campus,32556.0,1.0,2.0,3.0,On_campus,
1,2015.0,139940.0,Georgia State University,1.0,Main Campus,32058.0,0.0,0.0,1.0,On_campus,
2,2016.0,139940.0,Georgia State University,1.0,Main Campus,32237.0,0.0,0.0,3.0,On_campus,
0,2014.0,139940.0,Georgia State University,1.0,Main Campus,32556.0,0.0,2.0,1.0,On_campus_Student_Housing_Facilities,
1,2015.0,139940.0,Georgia State University,1.0,Main Campus,32058.0,0.0,0.0,0.0,On_campus_Student_Housing_Facilities,
2,2016.0,139940.0,Georgia State University,1.0,Main Campus,32237.0,0.0,0.0,0.0,On_campus_Student_Housing_Facilities,
0,2014.0,139940.0,Georgia State University,1.0,Main Campus,32556.0,0.0,0.0,0.0,Public_Property,
1,2015.0,139940.0,Georgia State University,1.0,Main Campus,32058.0,0.0,0.0,0.0,Public_Property,
2,2016.0,139940.0,Georgia State University,1.0,Main Campus,32237.0,0.0,0.0,0.0,Public_Property,
0,2014.0,209056.0,Lewis & Clark College,1.0,Main Campus,3504.0,0.0,0.0,0.0,Noncampus,
1,2015.0,209056.0,Lewis & Clark College,1.0,Main Campus,3526.0,0.0,0.0,0.0,Noncampus,
2,2016.0,209056.0,Lewis & Clark College,1.0,Main Campus,3419.0,0.0,0.0,0.0,Noncampus,
0,2014.0,209056.0,Lewis & Clark College,1.0,Main Campus,3504.0,0.0,1.0,1.0,On_campus,
1,2015.0,209056.0,Lewis & Clark College,1.0,Main Campus,3526.0,0.0,2.0,4.0,On_campus,
2,2016.0,209056.0,Lewis & Clark College,1.0,Main Campus,3419.0,1.0,0.0,2.0,On_campus,
0,2014.0,209056.0,Lewis & Clark College,1.0,Main Campus,3504.0,0.0,1.0,1.0,On_campus_Student_Housing_Facilities,
1,2015.0,209056.0,Lewis & Clark College,1.0,Main Campus,3526.0,0.0,1.0,4.0,On_campus_Student_Housing_Facilities,
2,2016.0,209056.0,Lewis & Clark College,1.0,Main Campus,3419.0,1.0,0.0,2.0,On_campus_Student_Housing_Facilities,
0,2014.0,209056.0,Lewis & Clark College,1.0,Main Campus,3504.0,0.0,0.0,0.0,Public_Property,
1,2015.0,209056.0,Lewis & Clark College,1.0,Main Campus,3526.0,0.0,0.0,0.0,Public_Property,
2,2016.0,209056.0,Lewis & Clark College,1.0,Main Campus,3419.0,0.0,0.0,0.0,Public_Property,
0,2014.0,117788.0,Los Angeles City College,1.0,Los Angeles City College,18756.0,0.0,0.0,0.0,Noncampus,
1,2015.0,117788.0,Los Angeles City College,1.0,Los Angeles City College,18825.0,0.0,0.0,0.0,Noncampus,
2,2016.0,117788.0,Los Angeles City College,1.0,Los Angeles City College,17661.0,0.0,0.0,0.0,Noncampus,
0,2014.0,117788.0,Los Angeles City College,1.0,Los Angeles City College,18756.0,0.0,0.0,0.0,On_campus,
1,2015.0,117788.0,Los Angeles City College,1.0,Los Angeles City College,18825.0,2.0,0.0,0.0,On_campus,
2,2016.0,117788.0,Los Angeles City College,1.0,Los Angeles City College,17661.0,0.0,0.0,0.0,On_campus,
0,2014.0,117788.0,Los Angeles City College,1.0,Los Angeles City College,18756.0,0.0,0.0,0.0,Public_Property,
1,2015.0,117788.0,Los Angeles City College,1.0,Los Angeles City College,18825.0,0.0,0.0,0.0,Public_Property,
2,2016.0,117788.0,Los Angeles City College,1.0,Los Angeles City College,17661.0,0.0,0.0,0.0,Public_Property,
0,2014.0,127060.0,University of Denver,1.0,University Park Campus,11809.0,0.0,0.0,0.0,Noncampus,
1,2015.0,127060.0,University of Denver,1.0,University Park Campus,11797.0,0.0,0.0,0.0,Noncampus,
2,2016.0,127060.0,University of Denver,1.0,University Park Campus,11614.0,0.0,0.0,0.0,Noncampus,
0,2014.0,127060.0,University of Denver,1.0,University Park Campus,11809.0,0.0,4.0,10.0,On_campus,
1,2015.0,127060.0,University of Denver,1.0,University Park Campus,11797.0,2.0,3.0,3.0,On_campus,
2,2016.0,127060.0,University of Denver,1.0,University Park Campus,11614.0,0.0,5.0,7.0,On_campus,
0,2014.0,127060.0,University of Denver,1.0,University Park Campus,11809.0,0.0,0.0,1.0,On_campus_Student_Housing_Facilities,
1,2015.0,127060.0,University of Denver,1.0,University Park Campus,11797.0,1.0,1.0,0.0,On_campus_Student_Housing_Facilities,
2,2016.0,127060.0,University of Denver,1.0,University Park Campus,11614.0,0.0,1.0,2.0,On_campus_Student_Housing_Facilities,
0,2014.0,127060.0,University of Denver,1.0,University Park Campus,11809.0,0.0,1.0,0.0,Public_Property,
1,2015.0,127060.0,University of Denver,1.0,University Park Campus,11797.0,0.0,0.0,0.0,Public_Property,
2,2016.0,127060.0,University of Denver,1.0,University Park Campus,11614.0,1.0,0.0,0.0,Public_Property,
0,2014.0,193900.0,New York University,1.0,NYU Main Campus,49274.0,0.0,1.0,0.0,Noncampus,
1,2015.0,193900.0,New York University,1.0,NYU Main Campus,50027.0,2.0,4.0,2.0,Noncampus,
2,2016.0,193900.0,New York University,1.0,NYU Main Campus,50550.0,0.0,0.0,1.0,Noncampus,
0,2014.0,193900.0,New York University,1.0,NYU Main Campus,49274.0,0.0,1.0,1.0,On_campus,
1,2015.0,193900.0,New York University,1.0,NYU Main Campus,50027.0,4.0,0.0,4.0,On_campus,
2,2016.0,193900.0,New York University,1.0,NYU Main Campus,50550.0,1.0,15.0,4.0,On_campus,
0,2014.0,193900.0,New York University,1.0,NYU Main Campus,49274.0,0.0,1.0,1.0,On_campus_Student_Housing_Facilities,
1,2015.0,193900.0,New York University,1.0,NYU Main Campus,50027.0,2.0,0.0,2.0,On_campus_Student_Housing_Facilities,
2,2016.0,193900.0,New York University,1.0,NYU Main Campus,50550.0,1.0,14.0,3.0,On_campus_Student_Housing_Facilities,
0,2014.0,193900.0,New York University,1.0,NYU Main Campus,49274.0,0.0,0.0,0.0,Public_Property,
1,2015.0,193900.0,New York University,1.0,NYU Main Campus,50027.0,0.0,0.0,3.0,Public_Property,
2,2016.0,193900.0,New York University,1.0,NYU Main Campus,50550.0,1.0,1.0,2.0,Public_Property,
0,2016.0,167358.0,Northeastern University,1.0,Main Campus,20381.0,1.0,0.0,0.0,Noncampus,
0,2014.0,167358.0,Northeastern University,1.0,Main Campus,19798.0,4.0,3.0,3.0,On_campus,
1,2015.0,167358.0,Northeastern University,1.0,Main Campus,19940.0,3.0,8.0,9.0,On_campus,
2,2016.0,167358.0,Northeastern University,1.0,Main Campus,20381.0,1.0,5.0,3.0,On_campus,
0,2014.0,167358.0,Northeastern University,1.0,Main Campus,19798.0,2.0,2.0,0.0,On_campus_Student_Housing_Facilities,
1,2015.0,167358.0,Northeastern University,1.0,Main Campus,19940.0,3.0,4.0,5.0,On_campus_Student_Housing_Facilities,
2,2016.0,167358.0,Northeastern University,1.0,Main Campus,20381.0,0.0,3.0,1.0,On_campus_Student_Housing_Facilities,
0,2014.0,167358.0,Northeastern University,1.0,Main Campus,19798.0,9.0,5.0,0.0,Public_Property,
1,2015.0,167358.0,Northeastern University,1.0,Main Campus,19940.0,2.0,0.0,2.0,Public_Property,
2,2016.0,167358.0,Northeastern University,1.0,Main Campus,20381.0,5.0,0.0,1.0,Public_Property,
0,2014.0,105330.0,Northern Arizona University,1.0,Flagstaff Mountain Campus,27705.0,2.0,0.0,0.0,Noncampus,
1,2015.0,105330.0,Northern Arizona University,1.0,Flagstaff Mountain Campus,29021.0,0.0,0.0,0.0,Noncampus,
2,2016.0,105330.0,Northern Arizona University,1.0,Flagstaff Mountain Campus,30361.0,0.0,0.0,0.0,Noncampus,
0,2014.0,105330.0,Northern Arizona University,1.0,Flagstaff Mountain Campus,27705.0,18.0,0.0,0.0,On_campus,
1,2014.0,105330.0,Northern Arizona University,2.0,Apache Junction Campus,27705.0,0.0,0.0,0.0,On_campus,
2,2014.0,105330.0,Northern Arizona University,3.0,NAU- Chandler-Gilbert,27705.0,0.0,0.0,0.0,On_campus,
3,2014.0,105330.0,Northern Arizona University,5.0,NAU - Mesa,27705.0,0.0,1.0,0.0,On_campus,
4,2014.0,105330.0,Northern Arizona University,6.0,NAU - West Valley,27705.0,0.0,0.0,0.0,On_campus,
5,2014.0,105330.0,Northern Arizona University,7.0,NAU - Glendale,27705.0,0.0,0.0,0.0,On_campus,
6,2014.0,105330.0,Northern Arizona University,9.0,NAU - Kingman,27705.0,0.0,0.0,0.0,On_campus,
7,2014.0,105330.0,Northern Arizona University,10.0,NAU - North Valley,27705.0,0.0,0.0,0.0,On_campus,
8,2014.0,105330.0,Northern Arizona University,11.0,NAU - Paradise Valley,27705.0,0.0,0.0,0.0,On_campus,
9,2014.0,105330.0,Northern Arizona University,12.0,NAU - Phoenix,27705.0,0.0,1.0,0.0,On_campus,
10,2014.0,105330.0,Northern Arizona University,13.0,Scottsdale Community College,27705.0,0.0,0.0,0.0,On_campus,
11,2014.0,105330.0,Northern Arizona University,14.0,NAU - Show Low,27705.0,0.0,0.0,0.0,On_campus,
12,2014.0,105330.0,Northern Arizona University,15.0,Signal Peak Campus,27705.0,0.0,0.0,0.0,On_campus,
13,2014.0,105330.0,Northern Arizona University,16.0,South Mountain Community College,27705.0,0.0,0.0,0.0,On_campus,
14,2014.0,105330.0,Northern Arizona University,17.0,NAU - Thatcher Campus,27705.0,0.0,0.0,0.0,On_campus,
15,2014.0,105330.0,Northern Arizona University,18.0,NAU - Tucson Campus,27705.0,0.0,0.0,0.0,On_campus,
16,2014.0,105330.0,Northern Arizona University,19.0,NAU - Prescott,27705.0,0.0,0.0,0.0,On_campus,
17,2014.0,105330.0,Northern Arizona University,20.0,NAU  - Yavapai Prescott Valley Campus,27705.0,0.0,0.0,0.0,On_campus,
18,2014.0,105330.0,Northern Arizona University,21.0,NAU- Yuma,27705.0,0.0,0.0,0.0,On_campus,
19,2014.0,105330.0,Northern Arizona University,23.0,Communiversity At Surprise,27705.0,0.0,0.0,0.0,On_campus,
20,2014.0,105330.0,Northern Arizona University,25.0,Phoenix Biomedical Campus,27705.0,0.0,0.0,0.0,On_campus,
21,2014.0,105330.0,Northern Arizona University,27.0,NAU In Costa Rica,27705.0,0.0,0.0,0.0,On_campus,
22,2015.0,105330.0,Northern Arizona University,1.0,Flagstaff Mountain Campus,29021.0,25.0,0.0,1.0,On_campus,
23,2015.0,105330.0,Northern Arizona University,3.0,NAU- Chandler-Gilbert,29021.0,0.0,0.0,0.0,On_campus,
24,2015.0,105330.0,Northern Arizona University,5.0,NAU - Mesa,29021.0,0.0,0.0,0.0,On_campus,
25,2015.0,105330.0,Northern Arizona University,6.0,NAU - West Valley,29021.0,0.0,0.0,0.0,On_campus,
26,2015.0,105330.0,Northern Arizona University,7.0,NAU - Glendale,29021.0,0.0,0.0,0.0,On_campus,
27,2015.0,105330.0,Northern Arizona University,9.0,NAU - Kingman,29021.0,1.0,0.0,0.0,On_campus,
28,2015.0,105330.0,Northern Arizona University,10.0,NAU - North Valley,29021.0,0.0,0.0,0.0,On_campus,
29,2015.0,105330.0,Northern Arizona University,11.0,NAU - Paradise Valley,29021.0,0.0,0.0,0.0,On_campus,
30,2015.0,105330.0,Northern Arizona University,12.0,NAU - Phoenix,29021.0,0.0,0.0,0.0,On_campus,
31,2015.0,105330.0,Northern Arizona University,13.0,Scottsdale Community College,29021.0,0.0,0.0,0.0,On_campus,
32,2015.0,105330.0,Northern Arizona University,14.0,NAU - Show Low,29021.0,0.0,0.0,0.0,On_campus,
33,2015.0,105330.0,Northern Arizona University,15.0,Signal Peak Campus,29021.0,0.0,0.0,0.0,On_campus,
34,2015.0,105330.0,Northern Arizona University,16.0,South Mountain Community College,29021.0,0.0,0.0,0.0,On_campus,
35,2015.0,105330.0,Northern Arizona University,17.0,NAU - Thatcher Campus,29021.0,0.0,0.0,1.0,On_campus,
36,2015.0,105330.0,Northern Arizona University,18.0,NAU - Tucson Campus,29021.0,0.0,0.0,0.0,On_campus,
37,2015.0,105330.0,Northern Arizona University,19.0,NAU - Prescott,29021.0,0.0,0.0,0.0,On_campus,
38,2015.0,105330.0,Northern Arizona University,20.0,NAU  - Yavapai Prescott Valley Campus,29021.0,0.0,0.0,0.0,On_campus,
39,2015.0,105330.0,Northern Arizona University,21.0,NAU- Yuma,29021.0,0.0,0.0,0.0,On_campus,
40,2015.0,105330.0,Northern Arizona University,23.0,Communiversity At Surprise,29021.0,0.0,0.0,0.0,On_campus,
41,2015.0,105330.0,Northern Arizona University,25.0,Phoenix Biomedical Campus,29021.0,0.0,0.0,0.0,On_campus,
42,2015.0,105330.0,Northern Arizona University,27.0,NAU In Costa Rica,29021.0,0.0,0.0,0.0,On_campus,
43,2015.0,105330.0,Northern Arizona University,28.0,Gateway Community College,29021.0,0.0,0.0,0.0,On_campus,
44,2015.0,105330.0,Northern Arizona University,29.0,Communiversity at Queen Creek,29021.0,0.0,0.0,0.0,On_campus,
45,2015.0,105330.0,Northern Arizona University,30.0,NAU – East Valley,29021.0,0.0,0.0,0.0,On_campus,
46,2015.0,105330.0,Northern Arizona University,31.0,NAU- Tucson North,29021.0,0.0,0.0,0.0,On_campus,
47,2016.0,105330.0,Northern Arizona University,1.0,Flagstaff Mountain Campus,30361.0,10.0,0.0,2.0,On_campus,
48,2016.0,105330.0,Northern Arizona University,3.0,NAU- Chandler-Gilbert,30361.0,0.0,0.0,0.0,On_campus,
49,2016.0,105330.0,Northern Arizona University,5.0,NAU - Mesa,30361.0,0.0,0.0,0.0,On_campus,
50,2016.0,105330.0,Northern Arizona University,6.0,NAU - West Valley,30361.0,0.0,0.0,0.0,On_campus,
51,2016.0,105330.0,Northern Arizona University,7.0,NAU - Glendale,30361.0,0.0,0.0,0.0,On_campus,
52,2016.0,105330.0,Northern Arizona University,9.0,NAU - Kingman,30361.0,0.0,0.0,0.0,On_campus,
53,2016.0,105330.0,Northern Arizona University,10.0,NAU - North Valley,30361.0,0.0,0.0,0.0,On_campus,
54,2016.0,105330.0,Northern Arizona University,11.0,NAU - Paradise Valley,30361.0,0.0,0.0,0.0,On_campus,
55,2016.0,105330.0,Northern Arizona University,12.0,NAU - Phoenix,30361.0,0.0,0.0,0.0,On_campus,
56,2016.0,105330.0,Northern Arizona University,13.0,Scottsdale Community College,30361.0,0.0,0.0,0.0,On_campus,
57,2016.0,105330.0,Northern Arizona University,14.0,NAU - Show Low,30361.0,0.0,0.0,0.0,On_campus,
58,2016.0,105330.0,Northern Arizona University,15.0,Signal Peak Campus,30361.0,0.0,0.0,0.0,On_campus,
59,2016.0,105330.0,Northern Arizona University,16.0,South Mountain Community College,30361.0,1.0,0.0,0.0,On_campus,
60,2016.0,105330.0,Northern Arizona University,17.0,NAU - Thatcher Campus,30361.0,0.0,0.0,0.0,On_campus,
61,2016.0,105330.0,Northern Arizona University,18.0,NAU - Tucson Campus,30361.0,0.0,0.0,0.0,On_campus,
62,2016.0,105330.0,Northern Arizona University,19.0,NAU - Prescott,30361.0,0.0,0.0,0.0,On_campus,
63,2016.0,105330.0,Northern Arizona University,20.0,NAU  - Yavapai Prescott Valley Campus,30361.0,0.0,0.0,0.0,On_campus,
64,2016.0,105330.0,Northern Arizona University,21.0,NAU- Yuma,30361.0,0.0,0.0,0.0,On_campus,
65,2016.0,105330.0,Northern Arizona University,23.0,Communiversity At Surprise,30361.0,0.0,0.0,0.0,On_campus,
66,2016.0,105330.0,Northern Arizona University,25.0,Phoenix Biomedical Campus,30361.0,0.0,0.0,0.0,On_campus,
67,2016.0,105330.0,Northern Arizona University,27.0,NAU In Costa Rica,30361.0,0.0,0.0,0.0,On_campus,
68,2016.0,105330.0,Northern Arizona University,28.0,Gateway Community College,30361.0,0.0,0.0,0.0,On_campus,
69,2016.0,105330.0,Northern Arizona University,29.0,Communiversity at Queen Creek,30361.0,0.0,0.0,0.0,On_campus,
70,2016.0,105330.0,Northern Arizona University,30.0,NAU – East Valley,30361.0,0.0,0.0,0.0,On_campus,
71,2016.0,105330.0,Northern Arizona University,31.0,NAU- Tucson North,30361.0,0.0,0.0,0.0,On_campus,
0,2014.0,105330.0,Northern Arizona University,1.0,Flagstaff Mountain Campus,27705.0,13.0,0.0,0.0,On_campus_Student_Housing_Facilities,
1,2015.0,105330.0,Northern Arizona University,1.0,Flagstaff Mountain Campus,29021.0,18.0,0.0,0.0,On_campus_Student_Housing_Facilities,
2,2016.0,105330.0,Northern Arizona University,1.0,Flagstaff Mountain Campus,30361.0,4.0,0.0,0.0,On_campus_Student_Housing_Facilities,
0,2014.0,105330.0,Northern Arizona University,1.0,Flagstaff Mountain Campus,27705.0,1.0,0.0,0.0,Public_Property,
1,2014.0,105330.0,Northern Arizona University,2.0,Apache Junction Campus,27705.0,0.0,0.0,0.0,Public_Property,
2,2014.0,105330.0,Northern Arizona University,3.0,NAU- Chandler-Gilbert,27705.0,0.0,0.0,0.0,Public_Property,
3,2014.0,105330.0,Northern Arizona University,5.0,NAU - Mesa,27705.0,0.0,0.0,0.0,Public_Property,
4,2014.0,105330.0,Northern Arizona University,6.0,NAU - West Valley,27705.0,0.0,0.0,0.0,Public_Property,
5,2014.0,105330.0,Northern Arizona University,7.0,NAU - Glendale,27705.0,0.0,0.0,0.0,Public_Property,
6,2014.0,105330.0,Northern Arizona University,9.0,NAU - Kingman,27705.0,0.0,0.0,0.0,Public_Property,
7,2014.0,105330.0,Northern Arizona University,10.0,NAU - North Valley,27705.0,0.0,0.0,0.0,Public_Property,
8,2014.0,105330.0,Northern Arizona University,11.0,NAU - Paradise Valley,27705.0,0.0,0.0,0.0,Public_Property,
9,2014.0,105330.0,Northern Arizona University,12.0,NAU - Phoenix,27705.0,0.0,0.0,0.0,Public_Property,
10,2014.0,105330.0,Northern Arizona University,13.0,Scottsdale Community College,27705.0,0.0,0.0,0.0,Public_Property,
11,2014.0,105330.0,Northern Arizona University,14.0,NAU - Show Low,27705.0,0.0,0.0,0.0,Public_Property,
12,2014.0,105330.0,Northern Arizona University,15.0,Signal Peak Campus,27705.0,0.0,0.0,0.0,Public_Property,
13,2014.0,105330.0,Northern Arizona University,16.0,South Mountain Community College,27705.0,0.0,0.0,0.0,Public_Property,
14,2014.0,105330.0,Northern Arizona University,17.0,NAU - Thatcher Campus,27705.0,0.0,0.0,0.0,Public_Property,
15,2014.0,105330.0,Northern Arizona University,18.0,NAU - Tucson Campus,27705.0,0.0,0.0,0.0,Public_Property,
16,2014.0,105330.0,Northern Arizona University,19.0,NAU - Prescott,27705.0,0.0,0.0,0.0,Public_Property,
17,2014.0,105330.0,Northern Arizona University,20.0,NAU  - Yavapai Prescott Valley Campus,27705.0,0.0,0.0,0.0,Public_Property,
18,2014.0,105330.0,Northern Arizona University,21.0,NAU- Yuma,27705.0,0.0,0.0,0.0,Public_Property,
19,2014.0,105330.0,Northern Arizona University,23.0,Communiversity At Surprise,27705.0,0.0,0.0,0.0,Public_Property,
20,2014.0,105330.0,Northern Arizona University,25.0,Phoenix Biomedical Campus,27705.0,0.0,0.0,0.0,Public_Property,
21,2014.0,105330.0,Northern Arizona University,27.0,NAU In Costa Rica,27705.0,0.0,0.0,0.0,Public_Property,
22,2015.0,105330.0,Northern Arizona University,1.0,Flagstaff Mountain Campus,29021.0,0.0,0.0,0.0,Public_Property,
23,2015.0,105330.0,Northern Arizona University,3.0,NAU- Chandler-Gilbert,29021.0,0.0,0.0,0.0,Public_Property,
24,2015.0,105330.0,Northern Arizona University,5.0,NAU - Mesa,29021.0,0.0,0.0,0.0,Public_Property,
25,2015.0,105330.0,Northern Arizona University,6.0,NAU - West Valley,29021.0,0.0,0.0,0.0,Public_Property,
26,2015.0,105330.0,Northern Arizona University,7.0,NAU - Glendale,29021.0,0.0,0.0,0.0,Public_Property,
27,2015.0,105330.0,Northern Arizona University,9.0,NAU - Kingman,29021.0,0.0,0.0,0.0,Public_Property,
28,2015.0,105330.0,Northern Arizona University,10.0,NAU - North Valley,29021.0,0.0,0.0,0.0,Public_Property,
29,2015.0,105330.0,Northern Arizona University,11.0,NAU - Paradise Valley,29021.0,0.0,0.0,0.0,Public_Property,
30,2015.0,105330.0,Northern Arizona University,12.0,NAU - Phoenix,29021.0,0.0,0.0,0.0,Public_Property,
31,2015.0,105330.0,Northern Arizona University,13.0,Scottsdale Community College,29021.0,0.0,0.0,0.0,Public_Property,
32,2015.0,105330.0,Northern Arizona University,14.0,NAU - Show Low,29021.0,0.0,0.0,0.0,Public_Property,
33,2015.0,105330.0,Northern Arizona University,15.0,Signal Peak Campus,29021.0,0.0,0.0,0.0,Public_Property,
34,2015.0,105330.0,Northern Arizona University,16.0,South Mountain Community College,29021.0,0.0,0.0,0.0,Public_Property,
35,2015.0,105330.0,Northern Arizona University,17.0,NAU - Thatcher Campus,29021.0,0.0,0.0,0.0,Public_Property,
36,2015.0,105330.0,Northern Arizona University,18.0,NAU - Tucson Campus,29021.0,0.0,0.0,0.0,Public_Property,
37,2015.0,105330.0,Northern Arizona University,19.0,NAU - Prescott,29021.0,0.0,0.0,0.0,Public_Property,
38,2015.0,105330.0,Northern Arizona University,20.0,NAU  - Yavapai Prescott Valley Campus,29021.0,0.0,0.0,0.0,Public_Property,
39,2015.0,105330.0,Northern Arizona University,21.0,NAU- Yuma,29021.0,0.0,0.0,0.0,Public_Property,
40,2015.0,105330.0,Northern Arizona University,23.0,Communiversity At Surprise,29021.0,0.0,0.0,0.0,Public_Property,
41,2015.0,105330.0,Northern Arizona University,25.0,Phoenix Biomedical Campus,29021.0,0.0,0.0,0.0,Public_Property,
42,2015.0,105330.0,Northern Arizona University,27.0,NAU In Costa Rica,29021.0,0.0,0.0,0.0,Public_Property,
43,2015.0,105330.0,Northern Arizona University,28.0,Gateway Community College,29021.0,0.0,0.0,0.0,Public_Property,
44,2015.0,105330.0,Northern Arizona University,29.0,Communiversity at Queen Creek,29021.0,0.0,0.0,0.0,Public_Property,
45,2015.0,105330.0,Northern Arizona University,30.0,NAU – East Valley,29021.0,0.0,0.0,0.0,Public_Property,
46,2015.0,105330.0,Northern Arizona University,31.0,NAU- Tucson North,29021.0,0.0,0.0,0.0,Public_Property,
47,2016.0,105330.0,Northern Arizona University,1.0,Flagstaff Mountain Campus,30361.0,0.0,0.0,0.0,Public_Property,
48,2016.0,105330.0,Northern Arizona University,3.0,NAU- Chandler-Gilbert,30361.0,0.0,0.0,0.0,Public_Property,
49,2016.0,105330.0,Northern Arizona University,5.0,NAU - Mesa,30361.0,0.0,0.0,0.0,Public_Property,
50,2016.0,105330.0,Northern Arizona University,6.0,NAU - West Valley,30361.0,0.0,0.0,0.0,Public_Property,
51,2016.0,105330.0,Northern Arizona University,7.0,NAU - Glendale,30361.0,0.0,0.0,0.0,Public_Property,
52,2016.0,105330.0,Northern Arizona University,9.0,NAU - Kingman,30361.0,0.0,0.0,0.0,Public_Property,
53,2016.0,105330.0,Northern Arizona University,10.0,NAU - North Valley,30361.0,0.0,0.0,0.0,Public_Property,
54,2016.0,105330.0,Northern Arizona University,11.0,NAU - Paradise Valley,30361.0,0.0,0.0,0.0,Public_Property,
55,2016.0,105330.0,Northern Arizona University,12.0,NAU - Phoenix,30361.0,0.0,0.0,0.0,Public_Property,
56,2016.0,105330.0,Northern Arizona University,13.0,Scottsdale Community College,30361.0,0.0,0.0,0.0,Public_Property,
57,2016.0,105330.0,Northern Arizona University,14.0,NAU - Show Low,30361.0,0.0,0.0,0.0,Public_Property,
58,2016.0,105330.0,Northern Arizona University,15.0,Signal Peak Campus,30361.0,0.0,0.0,0.0,Public_Property,
59,2016.0,105330.0,Northern Arizona University,16.0,South Mountain Community College,30361.0,0.0,0.0,0.0,Public_Property,
60,2016.0,105330.0,Northern Arizona University,17.0,NAU - Thatcher Campus,30361.0,0.0,0.0,0.0,Public_Property,
61,2016.0,105330.0,Northern Arizona University,18.0,NAU - Tucson Campus,30361.0,0.0,0.0,0.0,Public_Property,
62,2016.0,105330.0,Northern Arizona University,19.0,NAU - Prescott,30361.0,0.0,0.0,0.0,Public_Property,
63,2016.0,105330.0,Northern Arizona University,20.0,NAU  - Yavapai Prescott Valley Campus,30361.0,0.0,0.0,0.0,Public_Property,
64,2016.0,105330.0,Northern Arizona University,21.0,NAU- Yuma,30361.0,0.0,0.0,0.0,Public_Property,
65,2016.0,105330.0,Northern Arizona University,23.0,Communiversity At Surprise,30361.0,0.0,0.0,0.0,Public_Property,
66,2016.0,105330.0,Northern Arizona University,25.0,Phoenix Biomedical Campus,30361.0,0.0,0.0,0.0,Public_Property,
67,2016.0,105330.0,Northern Arizona University,27.0,NAU In Costa Rica,30361.0,0.0,0.0,0.0,Public_Property,
68,2016.0,105330.0,Northern Arizona University,28.0,Gateway Community College,30361.0,0.0,0.0,0.0,Public_Property,
69,2016.0,105330.0,Northern Arizona University,29.0,Communiversity at Queen Creek,30361.0,0.0,0.0,0.0,Public_Property,
70,2016.0,105330.0,Northern Arizona University,30.0,NAU – East Valley,30361.0,0.0,0.0,0.0,Public_Property,
71,2016.0,105330.0,Northern Arizona University,31.0,NAU- Tucson North,30361.0,0.0,0.0,0.0,Public_Property,
0,2014.0,147767.0,Northwestern University,1.0,Main Campus,21554.0,0.0,0.0,0.0,Noncampus,
1,2014.0,147767.0,Northwestern University,2.0,Chicago Campus,21554.0,2.0,0.0,0.0,Noncampus,
2,2014.0,147767.0,Northwestern University,3.0,Kellogg's Miami Campus,21554.0,1.0,0.0,0.0,Noncampus,
3,2014.0,147767.0,Northwestern University,5.0,Education City- Qatar,21554.0,0.0,0.0,0.0,Noncampus,
4,2015.0,147767.0,Northwestern University,1.0,Main Campus,21655.0,0.0,1.0,0.0,Noncampus,
5,2015.0,147767.0,Northwestern University,2.0,Chicago Campus,21655.0,0.0,0.0,0.0,Noncampus,
6,2015.0,147767.0,Northwestern University,3.0,Kellogg's Miami Campus,21655.0,0.0,0.0,0.0,Noncampus,
7,2015.0,147767.0,Northwestern University,5.0,Education City- Qatar,21655.0,0.0,0.0,0.0,Noncampus,
8,2016.0,147767.0,Northwestern University,1.0,Main Campus,21823.0,0.0,0.0,0.0,Noncampus,
9,2016.0,147767.0,Northwestern University,2.0,Chicago Campus,21823.0,0.0,0.0,0.0,Noncampus,
10,2016.0,147767.0,Northwestern University,3.0,Kellogg's Miami Campus,21823.0,0.0,0.0,0.0,Noncampus,
11,2016.0,147767.0,Northwestern University,5.0,Education City- Qatar,21823.0,0.0,0.0,0.0,Noncampus,
0,2014.0,147767.0,Northwestern University,1.0,Main Campus,21554.0,0.0,5.0,17.0,On_campus,
1,2014.0,147767.0,Northwestern University,2.0,Chicago Campus,21554.0,2.0,0.0,3.0,On_campus,
2,2014.0,147767.0,Northwestern University,3.0,Kellogg's Miami Campus,21554.0,0.0,0.0,0.0,On_campus,
3,2014.0,147767.0,Northwestern University,4.0,Medill's Washington D.C. Campus,21554.0,0.0,0.0,0.0,On_campus,
4,2014.0,147767.0,Northwestern University,5.0,Education City- Qatar,21554.0,0.0,1.0,0.0,On_campus,
5,2015.0,147767.0,Northwestern University,1.0,Main Campus,21655.0,0.0,3.0,12.0,On_campus,
6,2015.0,147767.0,Northwestern University,2.0,Chicago Campus,21655.0,0.0,0.0,3.0,On_campus,
7,2015.0,147767.0,Northwestern University,3.0,Kellogg's Miami Campus,21655.0,0.0,0.0,0.0,On_campus,
8,2015.0,147767.0,Northwestern University,4.0,Medill's Washington D.C. Campus,21655.0,0.0,0.0,0.0,On_campus,
9,2015.0,147767.0,Northwestern University,5.0,Education City- Qatar,21655.0,0.0,0.0,4.0,On_campus,
10,2016.0,147767.0,Northwestern University,1.0,Main Campus,21823.0,1.0,1.0,8.0,On_campus,
11,2016.0,147767.0,Northwestern University,2.0,Chicago Campus,21823.0,7.0,2.0,2.0,On_campus,
12,2016.0,147767.0,Northwestern University,3.0,Kellogg's Miami Campus,21823.0,0.0,0.0,0.0,On_campus,
13,2016.0,147767.0,Northwestern University,4.0,Medill's Washington D.C. Campus,21823.0,0.0,0.0,0.0,On_campus,
14,2016.0,147767.0,Northwestern University,5.0,Education City- Qatar,21823.0,0.0,0.0,6.0,On_campus,
0,2014.0,147767.0,Northwestern University,1.0,Main Campus,21554.0,0.0,4.0,3.0,On_campus_Student_Housing_Facilities,
1,2015.0,147767.0,Northwestern University,1.0,Main Campus,21655.0,0.0,3.0,5.0,On_campus_Student_Housing_Facilities,
2,2016.0,147767.0,Northwestern University,1.0,Main Campus,21823.0,0.0,1.0,4.0,On_campus_Student_Housing_Facilities,
0,2014.0,147767.0,Northwestern University,1.0,Main Campus,21554.0,0.0,0.0,0.0,Public_Property,
1,2014.0,147767.0,Northwestern University,2.0,Chicago Campus,21554.0,3.0,0.0,0.0,Public_Property,
2,2014.0,147767.0,Northwestern University,3.0,Kellogg's Miami Campus,21554.0,0.0,0.0,0.0,Public_Property,
3,2014.0,147767.0,Northwestern University,4.0,Medill's Washington D.C. Campus,21554.0,0.0,0.0,0.0,Public_Property,
4,2014.0,147767.0,Northwestern University,5.0,Education City- Qatar,21554.0,0.0,0.0,0.0,Public_Property,
5,2015.0,147767.0,Northwestern University,1.0,Main Campus,21655.0,0.0,0.0,0.0,Public_Property,
6,2015.0,147767.0,Northwestern University,2.0,Chicago Campus,21655.0,3.0,1.0,0.0,Public_Property,
7,2015.0,147767.0,Northwestern University,3.0,Kellogg's Miami Campus,21655.0,0.0,0.0,0.0,Public_Property,
8,2015.0,147767.0,Northwestern University,4.0,Medill's Washington D.C. Campus,21655.0,0.0,0.0,0.0,Public_Property,
9,2015.0,147767.0,Northwestern University,5.0,Education City- Qatar,21655.0,0.0,0.0,0.0,Public_Property,
10,2016.0,147767.0,Northwestern University,1.0,Main Campus,21823.0,1.0,0.0,0.0,Public_Property,
11,2016.0,147767.0,Northwestern University,2.0,Chicago Campus,21823.0,3.0,3.0,0.0,Public_Property,
12,2016.0,147767.0,Northwestern University,3.0,Kellogg's Miami Campus,21823.0,0.0,0.0,0.0,Public_Property,
13,2016.0,147767.0,Northwestern University,4.0,Medill's Washington D.C. Campus,21823.0,0.0,0.0,0.0,Public_Property,
14,2016.0,147767.0,Northwestern University,5.0,Education City- Qatar,21823.0,0.0,0.0,0.0,Public_Property,
0,2014.0,204796.0,Ohio State University-Main Campus,1.0,Main Campus,58322.0,3.0,0.0,1.0,Noncampus,
1,2015.0,204796.0,Ohio State University-Main Campus,1.0,Main Campus,58663.0,4.0,1.0,0.0,Noncampus,
2,2016.0,204796.0,Ohio State University-Main Campus,1.0,Main Campus,59482.0,2.0,2.0,1.0,Noncampus,
0,2014.0,204796.0,Ohio State University-Main Campus,1.0,Main Campus,58322.0,5.0,11.0,19.0,On_campus,
1,2015.0,204796.0,Ohio State University-Main Campus,1.0,Main Campus,58663.0,4.0,19.0,15.0,On_campus,
2,2016.0,204796.0,Ohio State University-Main Campus,1.0,Main Campus,59482.0,10.0,18.0,42.0,On_campus,
0,2014.0,204796.0,Ohio State University-Main Campus,1.0,Main Campus,58322.0,1.0,9.0,2.0,On_campus_Student_Housing_Facilities,
1,2015.0,204796.0,Ohio State University-Main Campus,1.0,Main Campus,58663.0,0.0,10.0,3.0,On_campus_Student_Housing_Facilities,
2,2016.0,204796.0,Ohio State University-Main Campus,1.0,Main Campus,59482.0,3.0,12.0,8.0,On_campus_Student_Housing_Facilities,
0,2014.0,204796.0,Ohio State University-Main Campus,1.0,Main Campus,58322.0,0.0,0.0,0.0,Public_Property,
1,2015.0,204796.0,Ohio State University-Main Campus,1.0,Main Campus,58663.0,0.0,2.0,0.0,Public_Property,
2,2016.0,204796.0,Ohio State University-Main Campus,1.0,Main Campus,59482.0,0.0,0.0,0.0,Public_Property,
0,2014.0,209542.0,Oregon State University,1.0,Main Campus,28886.0,1.0,0.0,0.0,Noncampus,
1,2015.0,209542.0,Oregon State University,1.0,Main Campus,29576.0,0.0,1.0,1.0,Noncampus,
2,2016.0,209542.0,Oregon State University,1.0,Main Campus,30354.0,0.0,0.0,1.0,Noncampus,
0,2014.0,209542.0,Oregon State University,1.0,Main Campus,28886.0,5.0,1.0,6.0,On_campus,
1,2015.0,209542.0,Oregon State University,1.0,Main Campus,29576.0,4.0,4.0,19.0,On_campus,
2,2016.0,209542.0,Oregon State University,1.0,Main Campus,30354.0,5.0,2.0,32.0,On_campus,
0,2014.0,209542.0,Oregon State University,1.0,Main Campus,28886.0,3.0,0.0,3.0,On_campus_Student_Housing_Facilities,
1,2015.0,209542.0,Oregon State University,1.0,Main Campus,29576.0,0.0,2.0,10.0,On_campus_Student_Housing_Facilities,
2,2016.0,209542.0,Oregon State University,1.0,Main Campus,30354.0,2.0,2.0,11.0,On_campus_Student_Housing_Facilities,
0,2014.0,209542.0,Oregon State University,1.0,Main Campus,28886.0,0.0,0.0,0.0,Public_Property,
1,2015.0,209542.0,Oregon State University,1.0,Main Campus,29576.0,0.0,0.0,0.0,Public_Property,
2,2016.0,209542.0,Oregon State University,1.0,Main Campus,30354.0,0.0,2.0,0.0,Public_Property,
0,2014.0,194310.0,Pace University-New York,1.0,Pace University,12857.0,0.0,1.0,0.0,Noncampus,
1,2015.0,194310.0,Pace University-New York,1.0,Pace University,12843.0,0.0,0.0,0.0,Noncampus,
2,2016.0,194310.0,Pace University-New York,1.0,Pace University,13245.0,0.0,0.0,0.0,Noncampus,
0,2014.0,194310.0,Pace University-New York,1.0,Pace University,12857.0,0.0,1.0,0.0,On_campus,
1,2015.0,194310.0,Pace University-New York,1.0,Pace University,12843.0,0.0,0.0,2.0,On_campus,
2,2016.0,194310.0,Pace University-New York,1.0,Pace University,13245.0,0.0,2.0,0.0,On_campus,
0,2014.0,194310.0,Pace University-New York,1.0,Pace University,12857.0,0.0,0.0,0.0,On_campus_Student_Housing_Facilities,
1,2015.0,194310.0,Pace University-New York,1.0,Pace University,12843.0,0.0,0.0,0.0,On_campus_Student_Housing_Facilities,
2,2016.0,194310.0,Pace University-New York,1.0,Pace University,13245.0,0.0,2.0,0.0,On_campus_Student_Housing_Facilities,
0,2014.0,194310.0,Pace University-New York,1.0,Pace University,12857.0,0.0,0.0,0.0,Public_Property,
1,2015.0,194310.0,Pace University-New York,1.0,Pace University,12843.0,0.0,0.0,0.0,Public_Property,
2,2016.0,194310.0,Pace University-New York,1.0,Pace University,13245.0,0.0,0.0,0.0,Public_Property,
0,2014.0,209807.0,Portland State University,1.0,Portland State University,27696.0,0.0,0.0,0.0,Noncampus,
1,2015.0,209807.0,Portland State University,1.0,Portland State University,27488.0,0.0,0.0,0.0,Noncampus,
2,2016.0,209807.0,Portland State University,1.0,Portland State University,26627.0,0.0,0.0,0.0,Noncampus,
0,2014.0,209807.0,Portland State University,1.0,Portland State University,27696.0,7.0,0.0,6.0,On_campus,
1,2015.0,209807.0,Portland State University,1.0,Portland State University,27488.0,10.0,4.0,17.0,On_campus,
2,2016.0,209807.0,Portland State University,1.0,Portland State University,26627.0,7.0,5.0,20.0,On_campus,
0,2014.0,209807.0,Portland State University,1.0,Portland State University,27696.0,4.0,0.0,4.0,On_campus_Student_Housing_Facilities,
1,2015.0,209807.0,Portland State University,1.0,Portland State University,27488.0,8.0,2.0,3.0,On_campus_Student_Housing_Facilities,
2,2016.0,209807.0,Portland State University,1.0,Portland State University,26627.0,5.0,1.0,3.0,On_campus_Student_Housing_Facilities,
0,2014.0,209807.0,Portland State University,1.0,Portland State University,27696.0,1.0,0.0,1.0,Public_Property,
1,2015.0,209807.0,Portland State University,1.0,Portland State University,27488.0,0.0,0.0,0.0,Public_Property,
2,2016.0,209807.0,Portland State University,1.0,Portland State University,26627.0,3.0,1.0,1.0,Public_Property,
0,2014.0,227766.0,Richland College,1.0,Main Campus,19343.0,0.0,0.0,0.0,On_campus,
1,2015.0,227766.0,Richland College,1.0,Main Campus,16687.0,0.0,0.0,4.0,On_campus,
2,2016.0,227766.0,Richland College,1.0,Main Campus,18106.0,0.0,0.0,3.0,On_campus,
0,2014.0,227766.0,Richland College,1.0,Main Campus,19343.0,0.0,0.0,0.0,Public_Property,
1,2015.0,227766.0,Richland College,1.0,Main Campus,16687.0,0.0,0.0,0.0,Public_Property,
2,2016.0,227766.0,Richland College,1.0,Main Campus,18106.0,0.0,0.0,0.0,Public_Property,
0,2016.0,122597.0,San Francisco State University,1.0,Main Campus,29045.0,0.0,0.0,0.0,Noncampus,
0,2014.0,122597.0,San Francisco State University,1.0,Main Campus,29465.0,0.0,4.0,3.0,On_campus,
1,2015.0,122597.0,San Francisco State University,1.0,Main Campus,30256.0,3.0,1.0,10.0,On_campus,
2,2016.0,122597.0,San Francisco State University,1.0,Main Campus,29045.0,1.0,5.0,8.0,On_campus,
0,2014.0,122597.0,San Francisco State University,1.0,Main Campus,29465.0,0.0,3.0,0.0,On_campus_Student_Housing_Facilities,
1,2015.0,122597.0,San Francisco State University,1.0,Main Campus,30256.0,2.0,1.0,2.0,On_campus_Student_Housing_Facilities,
2,2016.0,122597.0,San Francisco State University,1.0,Main Campus,29045.0,1.0,5.0,3.0,On_campus_Student_Housing_Facilities,
0,2014.0,122597.0,San Francisco State University,1.0,Main Campus,29465.0,0.0,0.0,0.0,Public_Property,
1,2015.0,122597.0,San Francisco State University,1.0,Main Campus,30256.0,2.0,0.0,0.0,Public_Property,
2,2016.0,122597.0,San Francisco State University,1.0,Main Campus,29045.0,1.0,0.0,0.0,Public_Property,
0,2014.0,196413.0,Syracuse University,1.0,Main Campus,21492.0,0.0,0.0,1.0,Noncampus,
1,2015.0,196413.0,Syracuse University,1.0,Main Campus,21789.0,0.0,0.0,0.0,Noncampus,
2,2016.0,196413.0,Syracuse University,1.0,Main Campus,21970.0,0.0,0.0,0.0,Noncampus,
0,2014.0,196413.0,Syracuse University,1.0,Main Campus,21492.0,0.0,3.0,1.0,On_campus,
1,2015.0,196413.0,Syracuse University,1.0,Main Campus,21789.0,0.0,4.0,10.0,On_campus,
2,2016.0,196413.0,Syracuse University,1.0,Main Campus,21970.0,0.0,8.0,15.0,On_campus,
0,2014.0,196413.0,Syracuse University,1.0,Main Campus,21492.0,0.0,2.0,0.0,On_campus_Student_Housing_Facilities,
1,2015.0,196413.0,Syracuse University,1.0,Main Campus,21789.0,0.0,3.0,2.0,On_campus_Student_Housing_Facilities,
2,2016.0,196413.0,Syracuse University,1.0,Main Campus,21970.0,0.0,8.0,5.0,On_campus_Student_Housing_Facilities,
0,2014.0,196413.0,Syracuse University,1.0,Main Campus,21492.0,0.0,0.0,0.0,Public_Property,
1,2015.0,196413.0,Syracuse University,1.0,Main Campus,21789.0,0.0,0.0,0.0,Public_Property,
2,2016.0,196413.0,Syracuse University,1.0,Main Campus,21970.0,0.0,0.0,0.0,Public_Property,
0,2014.0,228723.0,Texas A & M University-College Station,1.0,Texas A&M University,61642.0,0.0,0.0,0.0,Noncampus,
1,2015.0,228723.0,Texas A & M University-College Station,1.0,Texas A&M University,63813.0,0.0,0.0,1.0,Noncampus,
2,2016.0,228723.0,Texas A & M University-College Station,1.0,Texas A&M University,65632.0,0.0,0.0,0.0,Noncampus,
0,2014.0,228723.0,Texas A & M University-College Station,1.0,Texas A&M University,61642.0,7.0,2.0,5.0,On_campus,
1,2015.0,228723.0,Texas A & M University-College Station,1.0,Texas A&M University,63813.0,8.0,13.0,21.0,On_campus,
2,2016.0,228723.0,Texas A & M University-College Station,1.0,Texas A&M University,65632.0,15.0,17.0,76.0,On_campus,
0,2014.0,228723.0,Texas A & M University-College Station,1.0,Texas A&M University,61642.0,1.0,1.0,2.0,On_campus_Student_Housing_Facilities,
1,2015.0,228723.0,Texas A & M University-College Station,1.0,Texas A&M University,63813.0,2.0,9.0,10.0,On_campus_Student_Housing_Facilities,
2,2016.0,228723.0,Texas A & M University-College Station,1.0,Texas A&M University,65632.0,12.0,6.0,19.0,On_campus_Student_Housing_Facilities,
0,2014.0,228723.0,Texas A & M University-College Station,1.0,Texas A&M University,61642.0,0.0,0.0,0.0,Public_Property,
1,2015.0,228723.0,Texas A & M University-College Station,1.0,Texas A&M University,63813.0,0.0,0.0,0.0,Public_Property,
2,2016.0,228723.0,Texas A & M University-College Station,1.0,Texas A&M University,65632.0,1.0,1.0,1.0,Public_Property,
0,2014.0,228778.0,The University of Texas at Austin,1.0,The University of Texas at Austin,51313.0,8.0,1.0,3.0,Noncampus,
1,2015.0,228778.0,The University of Texas at Austin,1.0,The University of Texas at Austin,50950.0,7.0,0.0,0.0,Noncampus,
2,2016.0,228778.0,The University of Texas at Austin,1.0,The University of Texas at Austin,51331.0,8.0,1.0,0.0,Noncampus,
0,2014.0,228778.0,The University of Texas at Austin,1.0,The University of Texas at Austin,51313.0,8.0,17.0,23.0,On_campus,
1,2015.0,228778.0,The University of Texas at Austin,1.0,The University of Texas at Austin,50950.0,1.0,5.0,11.0,On_campus,
2,2016.0,228778.0,The University of Texas at Austin,1.0,The University of Texas at Austin,51331.0,9.0,22.0,31.0,On_campus,
0,2014.0,228778.0,The University of Texas at Austin,1.0,The University of Texas at Austin,51313.0,3.0,12.0,8.0,On_campus_Student_Housing_Facilities,
1,2015.0,228778.0,The University of Texas at Austin,1.0,The University of Texas at Austin,50950.0,1.0,4.0,0.0,On_campus_Student_Housing_Facilities,
2,2016.0,228778.0,The University of Texas at Austin,1.0,The University of Texas at Austin,51331.0,5.0,16.0,3.0,On_campus_Student_Housing_Facilities,
0,2014.0,228778.0,The University of Texas at Austin,1.0,The University of Texas at Austin,51313.0,2.0,0.0,0.0,Public_Property,
1,2015.0,228778.0,The University of Texas at Austin,1.0,The University of Texas at Austin,50950.0,4.0,1.0,0.0,Public_Property,
2,2016.0,228778.0,The University of Texas at Austin,1.0,The University of Texas at Austin,51331.0,1.0,2.0,0.0,Public_Property,
0,2014.0,145637.0,University of Illinois at Urbana-Champaign,1.0,Main Campus,45140.0,2.0,0.0,0.0,Noncampus,
1,2015.0,145637.0,University of Illinois at Urbana-Champaign,1.0,Main Campus,45842.0,1.0,0.0,1.0,Noncampus,
2,2016.0,145637.0,University of Illinois at Urbana-Champaign,1.0,Main Campus,46951.0,6.0,0.0,2.0,Noncampus,
0,2014.0,145637.0,University of Illinois at Urbana-Champaign,1.0,Main Campus,45140.0,14.0,0.0,3.0,On_campus,
1,2015.0,145637.0,University of Illinois at Urbana-Champaign,1.0,Main Campus,45842.0,13.0,0.0,23.0,On_campus,
2,2016.0,145637.0,University of Illinois at Urbana-Champaign,1.0,Main Campus,46951.0,16.0,0.0,44.0,On_campus,
0,2014.0,145637.0,University of Illinois at Urbana-Champaign,1.0,Main Campus,45140.0,6.0,0.0,2.0,On_campus_Student_Housing_Facilities,
1,2015.0,145637.0,University of Illinois at Urbana-Champaign,1.0,Main Campus,45842.0,7.0,0.0,7.0,On_campus_Student_Housing_Facilities,
2,2016.0,145637.0,University of Illinois at Urbana-Champaign,1.0,Main Campus,46951.0,14.0,0.0,10.0,On_campus_Student_Housing_Facilities,
0,2014.0,145637.0,University of Illinois at Urbana-Champaign,1.0,Main Campus,45140.0,3.0,0.0,0.0,Public_Property,
1,2015.0,145637.0,University of Illinois at Urbana-Champaign,1.0,Main Campus,45842.0,6.0,0.0,3.0,Public_Property,
2,2016.0,145637.0,University of Illinois at Urbana-Champaign,1.0,Main Campus,46951.0,0.0,0.0,0.0,Public_Property,
0,2014.0,243601.0,Universidad Del Turabo,1.0,Main Campus,17325.0,0.0,0.0,0.0,Noncampus,
1,2015.0,243601.0,Universidad Del Turabo,1.0,Main Campus,17509.0,0.0,0.0,0.0,Noncampus,
0,2014.0,243601.0,Universidad Del Turabo,1.0,Main Campus,17325.0,0.0,2.0,0.0,On_campus,
1,2014.0,243601.0,Universidad Del Turabo,2.0,Yabucoa Campus,17325.0,0.0,0.0,0.0,On_campus,
2,2014.0,243601.0,Universidad Del Turabo,3.0,Cayey Campus,17325.0,0.0,0.0,0.0,On_campus,
3,2014.0,243601.0,Universidad Del Turabo,4.0,Naguabo Campus,17325.0,0.0,0.0,0.0,On_campus,
4,2014.0,243601.0,Universidad Del Turabo,5.0,Isabela Campus,17325.0,0.0,0.0,0.0,On_campus,
5,2014.0,243601.0,Universidad Del Turabo,6.0,Ponce Campus,17325.0,0.0,0.0,0.0,On_campus,
6,2014.0,243601.0,Universidad Del Turabo,7.0,Barceloneta Campus,17325.0,0.0,0.0,0.0,On_campus,
7,2014.0,243601.0,Universidad Del Turabo,8.0,Metro Orlando,17325.0,0.0,0.0,0.0,On_campus,
8,2014.0,243601.0,Universidad Del Turabo,9.0,University Center Tampa Bay- FL,17325.0,0.0,0.0,0.0,On_campus,
9,2014.0,243601.0,Universidad Del Turabo,10.0,University Center South Florida,17325.0,0.0,0.0,0.0,On_campus,
10,2014.0,243601.0,Universidad Del Turabo,11.0,Capital Area Campus,17325.0,0.0,0.0,0.0,On_campus,
11,2015.0,243601.0,Universidad Del Turabo,1.0,Main Campus,17509.0,0.0,1.0,0.0,On_campus,
12,2015.0,243601.0,Universidad Del Turabo,2.0,Yabucoa Campus,17509.0,0.0,0.0,0.0,On_campus,
13,2015.0,243601.0,Universidad Del Turabo,3.0,Cayey Campus,17509.0,0.0,0.0,0.0,On_campus,
14,2015.0,243601.0,Universidad Del Turabo,5.0,Isabela Campus,17509.0,0.0,0.0,0.0,On_campus,
15,2015.0,243601.0,Universidad Del Turabo,6.0,Ponce Campus,17509.0,0.0,0.0,0.0,On_campus,
16,2015.0,243601.0,Universidad Del Turabo,7.0,Barceloneta Campus,17509.0,0.0,0.0,0.0,On_campus,
17,2015.0,243601.0,Universidad Del Turabo,8.0,Metro Orlando,17509.0,0.0,0.0,0.0,On_campus,
18,2015.0,243601.0,Universidad Del Turabo,9.0,University Center Tampa Bay- FL,17509.0,0.0,0.0,0.0,On_campus,
19,2015.0,243601.0,Universidad Del Turabo,10.0,University Center South Florida,17509.0,0.0,0.0,0.0,On_campus,
20,2015.0,243601.0,Universidad Del Turabo,11.0,Capital Area Campus,17509.0,0.0,0.0,0.0,On_campus,
21,2015.0,243601.0,Universidad Del Turabo,12.0,Dallas,17509.0,0.0,0.0,0.0,On_campus,
22,2016.0,243601.0,Universidad Del Turabo,1.0,Main Campus,17167.0,0.0,0.0,0.0,On_campus,
23,2016.0,243601.0,Universidad Del Turabo,2.0,Yabucoa Campus,17167.0,0.0,0.0,0.0,On_campus,
24,2016.0,243601.0,Universidad Del Turabo,3.0,Cayey Campus,17167.0,0.0,0.0,0.0,On_campus,
25,2016.0,243601.0,Universidad Del Turabo,5.0,Isabela Campus,17167.0,0.0,0.0,0.0,On_campus,
26,2016.0,243601.0,Universidad Del Turabo,6.0,Ponce Campus,17167.0,0.0,0.0,0.0,On_campus,
27,2016.0,243601.0,Universidad Del Turabo,7.0,Barceloneta Campus,17167.0,0.0,0.0,0.0,On_campus,
28,2016.0,243601.0,Universidad Del Turabo,8.0,Metro Orlando,17167.0,0.0,0.0,0.0,On_campus,
29,2016.0,243601.0,Universidad Del Turabo,9.0,University Center Tampa Bay- FL,17167.0,0.0,0.0,0.0,On_campus,
30,2016.0,243601.0,Universidad Del Turabo,10.0,University Center South Florida,17167.0,0.0,0.0,0.0,On_campus,
31,2016.0,243601.0,Universidad Del Turabo,11.0,Capital Area Campus,17167.0,0.0,0.0,0.0,On_campus,
32,2016.0,243601.0,Universidad Del Turabo,12.0,Dallas,17167.0,0.0,0.0,0.0,On_campus,
0,2014.0,243601.0,Universidad Del Turabo,1.0,Main Campus,17325.0,0.0,0.0,0.0,Public_Property,
1,2014.0,243601.0,Universidad Del Turabo,2.0,Yabucoa Campus,17325.0,0.0,0.0,0.0,Public_Property,
2,2014.0,243601.0,Universidad Del Turabo,3.0,Cayey Campus,17325.0,0.0,0.0,0.0,Public_Property,
3,2014.0,243601.0,Universidad Del Turabo,4.0,Naguabo Campus,17325.0,0.0,0.0,0.0,Public_Property,
4,2014.0,243601.0,Universidad Del Turabo,5.0,Isabela Campus,17325.0,0.0,0.0,0.0,Public_Property,
5,2014.0,243601.0,Universidad Del Turabo,6.0,Ponce Campus,17325.0,0.0,0.0,0.0,Public_Property,
6,2014.0,243601.0,Universidad Del Turabo,7.0,Barceloneta Campus,17325.0,0.0,0.0,0.0,Public_Property,
7,2014.0,243601.0,Universidad Del Turabo,8.0,Metro Orlando,17325.0,0.0,0.0,0.0,Public_Property,
8,2014.0,243601.0,Universidad Del Turabo,9.0,University Center Tampa Bay- FL,17325.0,0.0,0.0,0.0,Public_Property,
9,2014.0,243601.0,Universidad Del Turabo,10.0,University Center South Florida,17325.0,0.0,0.0,0.0,Public_Property,
10,2014.0,243601.0,Universidad Del Turabo,11.0,Capital Area Campus,17325.0,0.0,0.0,0.0,Public_Property,
11,2015.0,243601.0,Universidad Del Turabo,1.0,Main Campus,17509.0,0.0,0.0,0.0,Public_Property,
12,2015.0,243601.0,Universidad Del Turabo,2.0,Yabucoa Campus,17509.0,0.0,0.0,0.0,Public_Property,
13,2015.0,243601.0,Universidad Del Turabo,3.0,Cayey Campus,17509.0,0.0,0.0,0.0,Public_Property,
14,2015.0,243601.0,Universidad Del Turabo,5.0,Isabela Campus,17509.0,0.0,0.0,0.0,Public_Property,
15,2015.0,243601.0,Universidad Del Turabo,6.0,Ponce Campus,17509.0,0.0,0.0,0.0,Public_Property,
16,2015.0,243601.0,Universidad Del Turabo,7.0,Barceloneta Campus,17509.0,0.0,0.0,0.0,Public_Property,
17,2015.0,243601.0,Universidad Del Turabo,8.0,Metro Orlando,17509.0,0.0,0.0,0.0,Public_Property,
18,2015.0,243601.0,Universidad Del Turabo,9.0,University Center Tampa Bay- FL,17509.0,0.0,0.0,0.0,Public_Property,
19,2015.0,243601.0,Universidad Del Turabo,10.0,University Center South Florida,17509.0,0.0,0.0,0.0,Public_Property,
20,2015.0,243601.0,Universidad Del Turabo,11.0,Capital Area Campus,17509.0,0.0,0.0,0.0,Public_Property,
21,2015.0,243601.0,Universidad Del Turabo,12.0,Dallas,17509.0,0.0,0.0,0.0,Public_Property,
22,2016.0,243601.0,Universidad Del Turabo,1.0,Main Campus,17167.0,0.0,0.0,0.0,Public_Property,
23,2016.0,243601.0,Universidad Del Turabo,2.0,Yabucoa Campus,17167.0,0.0,0.0,0.0,Public_Property,
24,2016.0,243601.0,Universidad Del Turabo,3.0,Cayey Campus,17167.0,0.0,0.0,0.0,Public_Property,
25,2016.0,243601.0,Universidad Del Turabo,5.0,Isabela Campus,17167.0,0.0,0.0,0.0,Public_Property,
26,2016.0,243601.0,Universidad Del Turabo,6.0,Ponce Campus,17167.0,0.0,0.0,0.0,Public_Property,
27,2016.0,243601.0,Universidad Del Turabo,7.0,Barceloneta Campus,17167.0,0.0,0.0,0.0,Public_Property,
28,2016.0,243601.0,Universidad Del Turabo,8.0,Metro Orlando,17167.0,0.0,0.0,0.0,Public_Property,
29,2016.0,243601.0,Universidad Del Turabo,9.0,University Center Tampa Bay- FL,17167.0,0.0,0.0,0.0,Public_Property,
30,2016.0,243601.0,Universidad Del Turabo,10.0,University Center South Florida,17167.0,0.0,0.0,0.0,Public_Property,
31,2016.0,243601.0,Universidad Del Turabo,11.0,Capital Area Campus,17167.0,0.0,0.0,0.0,Public_Property,
32,2016.0,243601.0,Universidad Del Turabo,12.0,Dallas,17167.0,0.0,0.0,0.0,Public_Property,
0,2014.0,104179.0,University of Arizona,1.0,Main Campus,42236.0,3.0,0.0,1.0,Noncampus,
1,2015.0,104179.0,University of Arizona,1.0,Main Campus,42595.0,0.0,0.0,2.0,Noncampus,
2,2016.0,104179.0,University of Arizona,1.0,Main Campus,43161.0,6.0,1.0,0.0,Noncampus,
0,2014.0,104179.0,University of Arizona,1.0,Main Campus,42236.0,14.0,2.0,3.0,On_campus,
1,2015.0,104179.0,University of Arizona,1.0,Main Campus,42595.0,15.0,2.0,10.0,On_campus,
2,2016.0,104179.0,University of Arizona,1.0,Main Campus,43161.0,14.0,7.0,2.0,On_campus,
0,2014.0,104179.0,University of Arizona,1.0,Main Campus,42236.0,10.0,2.0,1.0,On_campus_Student_Housing_Facilities,
1,2015.0,104179.0,University of Arizona,1.0,Main Campus,42595.0,11.0,0.0,1.0,On_campus_Student_Housing_Facilities,
2,2016.0,104179.0,University of Arizona,1.0,Main Campus,43161.0,10.0,1.0,0.0,On_campus_Student_Housing_Facilities,
0,2014.0,104179.0,University of Arizona,1.0,Main Campus,42236.0,1.0,2.0,2.0,Public_Property,
1,2015.0,104179.0,University of Arizona,1.0,Main Campus,42595.0,4.0,2.0,1.0,Public_Property,
2,2016.0,104179.0,University of Arizona,1.0,Main Campus,43161.0,1.0,2.0,0.0,Public_Property,
0,2014.0,110635.0,University of California-Berkeley,1.0,Main Campus,37565.0,4.0,0.0,1.0,Noncampus,
1,2015.0,110635.0,University of California-Berkeley,1.0,Main Campus,38189.0,13.0,5.0,2.0,Noncampus,
2,2016.0,110635.0,University of California-Berkeley,1.0,Main Campus,40154.0,10.0,2.0,1.0,Noncampus,
0,2014.0,110635.0,University of California-Berkeley,1.0,Main Campus,37565.0,1.0,6.0,22.0,On_campus,
1,2015.0,110635.0,University of California-Berkeley,1.0,Main Campus,38189.0,5.0,11.0,8.0,On_campus,
2,2016.0,110635.0,University of California-Berkeley,1.0,Main Campus,40154.0,2.0,14.0,21.0,On_campus,
0,2014.0,110635.0,University of California-Berkeley,1.0,Main Campus,37565.0,1.0,2.0,7.0,On_campus_Student_Housing_Facilities,
1,2015.0,110635.0,University of California-Berkeley,1.0,Main Campus,38189.0,4.0,3.0,2.0,On_campus_Student_Housing_Facilities,
2,2016.0,110635.0,University of California-Berkeley,1.0,Main Campus,40154.0,1.0,6.0,3.0,On_campus_Student_Housing_Facilities,
0,2014.0,110635.0,University of California-Berkeley,1.0,Main Campus,37565.0,2.0,1.0,1.0,Public_Property,
1,2015.0,110635.0,University of California-Berkeley,1.0,Main Campus,38189.0,2.0,2.0,1.0,Public_Property,
2,2016.0,110635.0,University of California-Berkeley,1.0,Main Campus,40154.0,0.0,0.0,0.0,Public_Property,
0,2014.0,110662.0,University of California-Los Angeles,1.0,UCLA,41845.0,4.0,0.0,0.0,Noncampus,
1,2015.0,110662.0,University of California-Los Angeles,1.0,UCLA,41908.0,0.0,0.0,0.0,Noncampus,
2,2016.0,110662.0,University of California-Los Angeles,1.0,UCLA,43548.0,5.0,4.0,1.0,Noncampus,
0,2014.0,110662.0,University of California-Los Angeles,1.0,UCLA,41845.0,2.0,0.0,1.0,On_campus,
1,2015.0,110662.0,University of California-Los Angeles,1.0,UCLA,41908.0,1.0,1.0,1.0,On_campus,
2,2016.0,110662.0,University of California-Los Angeles,1.0,UCLA,43548.0,9.0,6.0,7.0,On_campus,
0,2014.0,110662.0,University of California-Los Angeles,1.0,UCLA,41845.0,0.0,0.0,0.0,On_campus_Student_Housing_Facilities,
1,2015.0,110662.0,University of California-Los Angeles,1.0,UCLA,41908.0,1.0,0.0,1.0,On_campus_Student_Housing_Facilities,
2,2016.0,110662.0,University of California-Los Angeles,1.0,UCLA,43548.0,5.0,4.0,5.0,On_campus_Student_Housing_Facilities,
0,2014.0,110662.0,University of California-Los Angeles,1.0,UCLA,41845.0,0.0,1.0,0.0,Public_Property,
1,2015.0,110662.0,University of California-Los Angeles,1.0,UCLA,41908.0,1.0,0.0,0.0,Public_Property,
2,2016.0,110662.0,University of California-Los Angeles,1.0,UCLA,43548.0,0.0,0.0,0.0,Public_Property,
0,2014.0,126614.0,University of Colorado Boulder,1.0,Main Campus,32432.0,4.0,0.0,1.0,Noncampus,
1,2015.0,126614.0,University of Colorado Boulder,1.0,Main Campus,33056.0,2.0,0.0,0.0,Noncampus,
2,2016.0,126614.0,University of Colorado Boulder,1.0,Main Campus,33977.0,0.0,0.0,0.0,Noncampus,
0,2014.0,126614.0,University of Colorado Boulder,1.0,Main Campus,32432.0,8.0,1.0,3.0,On_campus,
1,2015.0,126614.0,University of Colorado Boulder,1.0,Main Campus,33056.0,18.0,4.0,15.0,On_campus,
2,2016.0,126614.0,University of Colorado Boulder,1.0,Main Campus,33977.0,23.0,2.0,9.0,On_campus,
0,2014.0,126614.0,University of Colorado Boulder,1.0,Main Campus,32432.0,7.0,1.0,1.0,On_campus_Student_Housing_Facilities,
1,2015.0,126614.0,University of Colorado Boulder,1.0,Main Campus,33056.0,15.0,4.0,8.0,On_campus_Student_Housing_Facilities,
2,2016.0,126614.0,University of Colorado Boulder,1.0,Main Campus,33977.0,12.0,0.0,2.0,On_campus_Student_Housing_Facilities,
0,2014.0,126614.0,University of Colorado Boulder,1.0,Main Campus,32432.0,0.0,0.0,0.0,Public_Property,
1,2015.0,126614.0,University of Colorado Boulder,1.0,Main Campus,33056.0,0.0,0.0,0.0,Public_Property,
2,2016.0,126614.0,University of Colorado Boulder,1.0,Main Campus,33977.0,1.0,0.0,0.0,Public_Property,
0,2014.0,130943.0,University of Delaware,1.0,Main Campus,22680.0,0.0,0.0,0.0,Noncampus,
1,2015.0,130943.0,University of Delaware,1.0,Main Campus,22852.0,0.0,0.0,0.0,Noncampus,
2,2016.0,130943.0,University of Delaware,1.0,Main Campus,23009.0,0.0,0.0,0.0,Noncampus,
0,2014.0,130943.0,University of Delaware,1.0,Main Campus,22680.0,1.0,5.0,3.0,On_campus,
1,2015.0,130943.0,University of Delaware,1.0,Main Campus,22852.0,0.0,5.0,5.0,On_campus,
2,2016.0,130943.0,University of Delaware,1.0,Main Campus,23009.0,1.0,5.0,15.0,On_campus,
0,2014.0,130943.0,University of Delaware,1.0,Main Campus,22680.0,0.0,2.0,0.0,On_campus_Student_Housing_Facilities,
1,2015.0,130943.0,University of Delaware,1.0,Main Campus,22852.0,0.0,4.0,3.0,On_campus_Student_Housing_Facilities,
2,2016.0,130943.0,University of Delaware,1.0,Main Campus,23009.0,1.0,1.0,12.0,On_campus_Student_Housing_Facilities,
0,2014.0,130943.0,University of Delaware,1.0,Main Campus,22680.0,0.0,1.0,0.0,Public_Property,
1,2015.0,130943.0,University of Delaware,1.0,Main Campus,22852.0,0.0,2.0,0.0,Public_Property,
2,2016.0,130943.0,University of Delaware,1.0,Main Campus,23009.0,0.0,1.0,0.0,Public_Property,
0,2014.0,127565.0,Metropolitan State University of Denver,1.0,Main Campus,21674.0,0.0,0.0,0.0,Noncampus,
1,2015.0,127565.0,Metropolitan State University of Denver,1.0,Main Campus,20676.0,0.0,0.0,0.0,Noncampus,
2,2016.0,127565.0,Metropolitan State University of Denver,1.0,Main Campus,20474.0,0.0,0.0,0.0,Noncampus,
0,2014.0,127565.0,Metropolitan State University of Denver,1.0,Main Campus,21674.0,5.0,0.0,7.0,On_campus,
1,2015.0,127565.0,Metropolitan State University of Denver,1.0,Main Campus,20676.0,7.0,1.0,14.0,On_campus,
2,2016.0,127565.0,Metropolitan State University of Denver,1.0,Main Campus,20474.0,13.0,0.0,12.0,On_campus,
0,2014.0,127565.0,Metropolitan State University of Denver,1.0,Main Campus,21674.0,1.0,1.0,0.0,Public_Property,
1,2015.0,127565.0,Metropolitan State University of Denver,1.0,Main Campus,20676.0,1.0,0.0,0.0,Public_Property,
2,2016.0,127565.0,Metropolitan State University of Denver,1.0,Main Campus,20474.0,1.0,1.0,0.0,Public_Property,
0,2014.0,225511.0,University of Houston,1.0,Central Campus,40914.0,0.0,0.0,0.0,Noncampus,
1,2015.0,225511.0,University of Houston,1.0,Central Campus,42704.0,0.0,0.0,0.0,Noncampus,
2,2016.0,225511.0,University of Houston,1.0,Central Campus,43774.0,1.0,0.0,0.0,Noncampus,
0,2014.0,225511.0,University of Houston,1.0,Central Campus,40914.0,3.0,22.0,8.0,On_campus,
1,2015.0,225511.0,University of Houston,1.0,Central Campus,42704.0,0.0,22.0,15.0,On_campus,
2,2016.0,225511.0,University of Houston,1.0,Central Campus,43774.0,12.0,40.0,53.0,On_campus,
0,2014.0,225511.0,University of Houston,1.0,Central Campus,40914.0,0.0,19.0,2.0,On_campus_Student_Housing_Facilities,
1,2015.0,225511.0,University of Houston,1.0,Central Campus,42704.0,0.0,15.0,6.0,On_campus_Student_Housing_Facilities,
2,2016.0,225511.0,University of Houston,1.0,Central Campus,43774.0,11.0,19.0,21.0,On_campus_Student_Housing_Facilities,
0,2014.0,225511.0,University of Houston,1.0,Central Campus,40914.0,0.0,2.0,0.0,Public_Property,
1,2015.0,225511.0,University of Houston,1.0,Central Campus,42704.0,0.0,0.0,0.0,Public_Property,
2,2016.0,225511.0,University of Houston,1.0,Central Campus,43774.0,2.0,3.0,0.0,Public_Property,
0,2014.0,145600.0,University of Illinois at Chicago,1.0,University of Illinois at Chicago – Chicago Campus East,27969.0,0.0,0.0,0.0,Noncampus,
1,2015.0,145600.0,University of Illinois at Chicago,1.0,University of Illinois at Chicago – Chicago Campus East,29048.0,0.0,0.0,0.0,Noncampus,
2,2016.0,145600.0,University of Illinois at Chicago,1.0,University of Illinois at Chicago – Chicago Campus East,29120.0,0.0,0.0,0.0,Noncampus,
0,2014.0,145600.0,University of Illinois at Chicago,1.0,University of Illinois at Chicago – Chicago Campus East,27969.0,5.0,0.0,4.0,On_campus,
1,2015.0,145600.0,University of Illinois at Chicago,1.0,University of Illinois at Chicago – Chicago Campus East,29048.0,6.0,0.0,7.0,On_campus,
2,2016.0,145600.0,University of Illinois at Chicago,1.0,University of Illinois at Chicago – Chicago Campus East,29120.0,8.0,0.0,12.0,On_campus,
0,2014.0,145600.0,University of Illinois at Chicago,1.0,University of Illinois at Chicago – Chicago Campus East,27969.0,3.0,0.0,2.0,On_campus_Student_Housing_Facilities,
1,2015.0,145600.0,University of Illinois at Chicago,1.0,University of Illinois at Chicago – Chicago Campus East,29048.0,4.0,0.0,2.0,On_campus_Student_Housing_Facilities,
2,2016.0,145600.0,University of Illinois at Chicago,1.0,University of Illinois at Chicago – Chicago Campus East,29120.0,4.0,0.0,1.0,On_campus_Student_Housing_Facilities,
0,2014.0,145600.0,University of Illinois at Chicago,1.0,University of Illinois at Chicago – Chicago Campus East,27969.0,4.0,0.0,0.0,Public_Property,
1,2015.0,145600.0,University of Illinois at Chicago,1.0,University of Illinois at Chicago – Chicago Campus East,29048.0,6.0,0.0,0.0,Public_Property,
2,2016.0,145600.0,University of Illinois at Chicago,1.0,University of Illinois at Chicago – Chicago Campus East,29120.0,3.0,0.0,0.0,Public_Property,
0,2014.0,145637.0,University of Illinois at Urbana-Champaign,1.0,Main Campus,45140.0,2.0,0.0,0.0,Noncampus,
1,2015.0,145637.0,University of Illinois at Urbana-Champaign,1.0,Main Campus,45842.0,1.0,0.0,1.0,Noncampus,
2,2016.0,145637.0,University of Illinois at Urbana-Champaign,1.0,Main Campus,46951.0,6.0,0.0,2.0,Noncampus,
0,2014.0,145637.0,University of Illinois at Urbana-Champaign,1.0,Main Campus,45140.0,14.0,0.0,3.0,On_campus,
1,2015.0,145637.0,University of Illinois at Urbana-Champaign,1.0,Main Campus,45842.0,13.0,0.0,23.0,On_campus,
2,2015.0,145637.0,University of Illinois at Urbana-Champaign,3.0,Illini Center,45842.0,0.0,0.0,0.0,On_campus,
3,2016.0,145637.0,University of Illinois at Urbana-Champaign,1.0,Main Campus,46951.0,16.0,0.0,44.0,On_campus,
4,2016.0,145637.0,University of Illinois at Urbana-Champaign,3.0,Illini Center,46951.0,0.0,0.0,0.0,On_campus,
0,2014.0,145637.0,University of Illinois at Urbana-Champaign,1.0,Main Campus,45140.0,6.0,0.0,2.0,On_campus_Student_Housing_Facilities,
1,2015.0,145637.0,University of Illinois at Urbana-Champaign,1.0,Main Campus,45842.0,7.0,0.0,7.0,On_campus_Student_Housing_Facilities,
2,2016.0,145637.0,University of Illinois at Urbana-Champaign,1.0,Main Campus,46951.0,14.0,0.0,10.0,On_campus_Student_Housing_Facilities,
0,2014.0,145637.0,University of Illinois at Urbana-Champaign,1.0,Main Campus,45140.0,3.0,0.0,0.0,Public_Property,
1,2015.0,145637.0,University of Illinois at Urbana-Champaign,1.0,Main Campus,45842.0,6.0,0.0,3.0,Public_Property,
2,2015.0,145637.0,University of Illinois at Urbana-Champaign,3.0,Illini Center,45842.0,0.0,0.0,0.0,Public_Property,
3,2016.0,145637.0,University of Illinois at Urbana-Champaign,1.0,Main Campus,46951.0,0.0,0.0,0.0,Public_Property,
4,2016.0,145637.0,University of Illinois at Urbana-Champaign,3.0,Illini Center,46951.0,0.0,0.0,0.0,Public_Property,
0,2014.0,157085.0,University of Kentucky,1.0,University of KY,29203.0,2.0,0.0,0.0,Noncampus,
1,2015.0,157085.0,University of Kentucky,1.0,University of KY,29727.0,0.0,0.0,0.0,Noncampus,
2,2016.0,157085.0,University of Kentucky,1.0,University of KY,29781.0,1.0,0.0,0.0,Noncampus,
0,2014.0,157085.0,University of Kentucky,1.0,University of KY,29203.0,15.0,6.0,6.0,On_campus,
1,2015.0,157085.0,University of Kentucky,1.0,University of KY,29727.0,16.0,6.0,5.0,On_campus,
2,2016.0,157085.0,University of Kentucky,1.0,University of KY,29781.0,7.0,16.0,24.0,On_campus,
0,2014.0,157085.0,University of Kentucky,1.0,University of KY,29203.0,5.0,3.0,1.0,On_campus_Student_Housing_Facilities,
1,2015.0,157085.0,University of Kentucky,1.0,University of KY,29727.0,1.0,3.0,3.0,On_campus_Student_Housing_Facilities,
2,2016.0,157085.0,University of Kentucky,1.0,University of KY,29781.0,4.0,8.0,11.0,On_campus_Student_Housing_Facilities,
0,2014.0,157085.0,University of Kentucky,1.0,University of KY,29203.0,1.0,0.0,0.0,Public_Property,
1,2015.0,157085.0,University of Kentucky,1.0,University of KY,29727.0,2.0,0.0,0.0,Public_Property,
2,2016.0,157085.0,University of Kentucky,1.0,University of KY,29781.0,0.0,0.0,0.0,Public_Property,
0,2014.0,163286.0,University of Maryland-College Park,1.0,Main Campus,37610.0,0.0,0.0,0.0,Noncampus,
1,2015.0,163286.0,University of Maryland-College Park,1.0,Main Campus,38140.0,0.0,0.0,0.0,Noncampus,
2,2016.0,163286.0,University of Maryland-College Park,1.0,Main Campus,39083.0,0.0,0.0,0.0,Noncampus,
0,2014.0,163286.0,University of Maryland-College Park,1.0,Main Campus,37610.0,2.0,9.0,13.0,On_campus,
1,2015.0,163286.0,University of Maryland-College Park,1.0,Main Campus,38140.0,2.0,5.0,12.0,On_campus,
2,2016.0,163286.0,University of Maryland-College Park,1.0,Main Campus,39083.0,3.0,7.0,4.0,On_campus,
0,2014.0,163286.0,University of Maryland-College Park,1.0,Main Campus,37610.0,0.0,4.0,2.0,On_campus_Student_Housing_Facilities,
1,2015.0,163286.0,University of Maryland-College Park,1.0,Main Campus,38140.0,2.0,2.0,5.0,On_campus_Student_Housing_Facilities,
2,2016.0,163286.0,University of Maryland-College Park,1.0,Main Campus,39083.0,1.0,6.0,2.0,On_campus_Student_Housing_Facilities,
0,2014.0,163286.0,University of Maryland-College Park,1.0,Main Campus,37610.0,0.0,0.0,0.0,Public_Property,
1,2015.0,163286.0,University of Maryland-College Park,1.0,Main Campus,38140.0,0.0,0.0,0.0,Public_Property,
2,2016.0,163286.0,University of Maryland-College Park,1.0,Main Campus,39083.0,0.0,0.0,0.0,Public_Property,
0,2014.0,170976.0,University of Michigan-Ann Arbor,1.0,Ann Arbor campus,43625.0,1.0,0.0,2.0,Noncampus,
1,2015.0,170976.0,University of Michigan-Ann Arbor,1.0,Ann Arbor campus,43651.0,0.0,1.0,1.0,Noncampus,
2,2016.0,170976.0,University of Michigan-Ann Arbor,1.0,Ann Arbor campus,44718.0,0.0,0.0,0.0,Noncampus,
0,2014.0,170976.0,University of Michigan-Ann Arbor,1.0,Ann Arbor campus,43625.0,8.0,12.0,16.0,On_campus,
1,2015.0,170976.0,University of Michigan-Ann Arbor,1.0,Ann Arbor campus,43651.0,8.0,29.0,23.0,On_campus,
2,2016.0,170976.0,University of Michigan-Ann Arbor,1.0,Ann Arbor campus,44718.0,3.0,22.0,24.0,On_campus,
0,2014.0,170976.0,University of Michigan-Ann Arbor,1.0,Ann Arbor campus,43625.0,1.0,5.0,2.0,On_campus_Student_Housing_Facilities,
1,2015.0,170976.0,University of Michigan-Ann Arbor,1.0,Ann Arbor campus,43651.0,2.0,5.0,8.0,On_campus_Student_Housing_Facilities,
2,2016.0,170976.0,University of Michigan-Ann Arbor,1.0,Ann Arbor campus,44718.0,1.0,6.0,4.0,On_campus_Student_Housing_Facilities,
0,2014.0,170976.0,University of Michigan-Ann Arbor,1.0,Ann Arbor campus,43625.0,2.0,0.0,0.0,Public_Property,
1,2015.0,170976.0,University of Michigan-Ann Arbor,1.0,Ann Arbor campus,43651.0,0.0,0.0,0.0,Public_Property,
2,2016.0,170976.0,University of Michigan-Ann Arbor,1.0,Ann Arbor campus,44718.0,0.0,1.0,1.0,Public_Property,
0,2014.0,176017.0,University of Mississippi,1.0,Main Campus,22503.0,0.0,0.0,0.0,Noncampus,
1,2015.0,176017.0,University of Mississippi,1.0,Main Campus,23212.0,0.0,0.0,0.0,Noncampus,
2,2016.0,176017.0,University of Mississippi,1.0,Main Campus,23610.0,1.0,0.0,0.0,Noncampus,
0,2014.0,176017.0,University of Mississippi,1.0,Main Campus,22503.0,11.0,0.0,1.0,On_campus,
1,2015.0,176017.0,University of Mississippi,1.0,Main Campus,23212.0,9.0,0.0,6.0,On_campus,
2,2016.0,176017.0,University of Mississippi,1.0,Main Campus,23610.0,10.0,0.0,4.0,On_campus,
0,2014.0,176017.0,University of Mississippi,1.0,Main Campus,22503.0,5.0,0.0,0.0,On_campus_Student_Housing_Facilities,
1,2015.0,176017.0,University of Mississippi,1.0,Main Campus,23212.0,9.0,0.0,6.0,On_campus_Student_Housing_Facilities,
2,2016.0,176017.0,University of Mississippi,1.0,Main Campus,23610.0,6.0,0.0,0.0,On_campus_Student_Housing_Facilities,
0,2014.0,176017.0,University of Mississippi,1.0,Main Campus,22503.0,0.0,0.0,0.0,Public_Property,
1,2015.0,176017.0,University of Mississippi,1.0,Main Campus,23212.0,0.0,0.0,0.0,Public_Property,
2,2016.0,176017.0,University of Mississippi,1.0,Main Campus,23610.0,0.0,0.0,0.0,Public_Property,
0,2014.0,209551.0,University of Oregon,1.0,Main Campus,24096.0,1.0,1.0,1.0,Noncampus,
1,2015.0,209551.0,University of Oregon,1.0,Main Campus,24032.0,0.0,0.0,0.0,Noncampus,
2,2016.0,209551.0,University of Oregon,1.0,Main Campus,23546.0,0.0,0.0,1.0,Noncampus,
0,2014.0,209551.0,University of Oregon,1.0,Main Campus,24096.0,3.0,4.0,11.0,On_campus,
1,2014.0,209551.0,University of Oregon,2.0,Oregon Institute of Marine Biology,24096.0,0.0,0.0,0.0,On_campus,
2,2014.0,209551.0,University of Oregon,3.0,University of Oregon-Portland Campus,24096.0,0.0,0.0,0.0,On_campus,
3,2015.0,209551.0,University of Oregon,1.0,Main Campus,24032.0,1.0,3.0,13.0,On_campus,
4,2015.0,209551.0,University of Oregon,2.0,Oregon Institute of Marine Biology,24032.0,0.0,0.0,0.0,On_campus,
5,2015.0,209551.0,University of Oregon,3.0,University of Oregon-Portland Campus,24032.0,0.0,0.0,0.0,On_campus,
6,2016.0,209551.0,University of Oregon,1.0,Main Campus,23546.0,3.0,5.0,11.0,On_campus,
7,2016.0,209551.0,University of Oregon,2.0,Oregon Institute of Marine Biology,23546.0,0.0,0.0,0.0,On_campus,
8,2016.0,209551.0,University of Oregon,3.0,University of Oregon-Portland Campus,23546.0,0.0,0.0,0.0,On_campus,
0,2014.0,209551.0,University of Oregon,1.0,Main Campus,24096.0,2.0,1.0,4.0,On_campus_Student_Housing_Facilities,
1,2014.0,209551.0,University of Oregon,2.0,Oregon Institute of Marine Biology,24096.0,0.0,0.0,0.0,On_campus_Student_Housing_Facilities,
2,2015.0,209551.0,University of Oregon,1.0,Main Campus,24032.0,1.0,2.0,2.0,On_campus_Student_Housing_Facilities,
3,2015.0,209551.0,University of Oregon,2.0,Oregon Institute of Marine Biology,24032.0,0.0,0.0,0.0,On_campus_Student_Housing_Facilities,
4,2016.0,209551.0,University of Oregon,1.0,Main Campus,23546.0,0.0,1.0,3.0,On_campus_Student_Housing_Facilities,
5,2016.0,209551.0,University of Oregon,2.0,Oregon Institute of Marine Biology,23546.0,0.0,0.0,0.0,On_campus_Student_Housing_Facilities,
0,2014.0,209551.0,University of Oregon,1.0,Main Campus,24096.0,0.0,0.0,0.0,Public_Property,
1,2014.0,209551.0,University of Oregon,2.0,Oregon Institute of Marine Biology,24096.0,0.0,0.0,0.0,Public_Property,
2,2014.0,209551.0,University of Oregon,3.0,University of Oregon-Portland Campus,24096.0,3.0,0.0,0.0,Public_Property,
3,2015.0,209551.0,University of Oregon,1.0,Main Campus,24032.0,0.0,0.0,0.0,Public_Property,
4,2015.0,209551.0,University of Oregon,2.0,Oregon Institute of Marine Biology,24032.0,0.0,0.0,0.0,Public_Property,
5,2015.0,209551.0,University of Oregon,3.0,University of Oregon-Portland Campus,24032.0,2.0,0.0,0.0,Public_Property,
6,2016.0,209551.0,University of Oregon,1.0,Main Campus,23546.0,0.0,0.0,0.0,Public_Property,
7,2016.0,209551.0,University of Oregon,2.0,Oregon Institute of Marine Biology,23546.0,0.0,0.0,0.0,Public_Property,
8,2016.0,209551.0,University of Oregon,3.0,University of Oregon-Portland Campus,23546.0,0.0,0.0,0.0,Public_Property,
0,2014.0,215293.0,University of Pittsburgh-Pittsburgh Campus,1.0,Main Campus,28617.0,0.0,0.0,0.0,Noncampus,
1,2015.0,215293.0,University of Pittsburgh-Pittsburgh Campus,1.0,Main Campus,28649.0,0.0,0.0,0.0,Noncampus,
2,2016.0,215293.0,University of Pittsburgh-Pittsburgh Campus,1.0,Main Campus,28664.0,0.0,0.0,0.0,Noncampus,
0,2014.0,215293.0,University of Pittsburgh-Pittsburgh Campus,1.0,Main Campus,28617.0,0.0,5.0,4.0,On_campus,
1,2015.0,215293.0,University of Pittsburgh-Pittsburgh Campus,1.0,Main Campus,28649.0,1.0,4.0,3.0,On_campus,
2,2016.0,215293.0,University of Pittsburgh-Pittsburgh Campus,1.0,Main Campus,28664.0,1.0,1.0,4.0,On_campus,
0,2014.0,215293.0,University of Pittsburgh-Pittsburgh Campus,1.0,Main Campus,28617.0,0.0,5.0,2.0,On_campus_Student_Housing_Facilities,
1,2015.0,215293.0,University of Pittsburgh-Pittsburgh Campus,1.0,Main Campus,28649.0,1.0,4.0,0.0,On_campus_Student_Housing_Facilities,
2,2016.0,215293.0,University of Pittsburgh-Pittsburgh Campus,1.0,Main Campus,28664.0,0.0,0.0,0.0,On_campus_Student_Housing_Facilities,
0,2014.0,215293.0,University of Pittsburgh-Pittsburgh Campus,1.0,Main Campus,28617.0,2.0,0.0,2.0,Public_Property,
1,2015.0,215293.0,University of Pittsburgh-Pittsburgh Campus,1.0,Main Campus,28649.0,3.0,0.0,2.0,Public_Property,
2,2016.0,215293.0,University of Pittsburgh-Pittsburgh Campus,1.0,Main Campus,28664.0,1.0,0.0,1.0,Public_Property,
0,2014.0,123961.0,University of Southern California,1.0,University Park Campus,42453.0,2.0,0.0,1.0,Noncampus,
1,2015.0,123961.0,University of Southern California,1.0,University Park Campus,43401.0,4.0,0.0,2.0,Noncampus,
2,2016.0,123961.0,University of Southern California,1.0,University Park Campus,43871.0,0.0,0.0,2.0,Noncampus,
0,2014.0,123961.0,University of Southern California,1.0,University Park Campus,42453.0,0.0,1.0,6.0,On_campus,
1,2015.0,123961.0,University of Southern California,1.0,University Park Campus,43401.0,0.0,2.0,12.0,On_campus,
2,2016.0,123961.0,University of Southern California,1.0,University Park Campus,43871.0,1.0,1.0,9.0,On_campus,
0,2014.0,123961.0,University of Southern California,1.0,University Park Campus,42453.0,0.0,0.0,1.0,On_campus_Student_Housing_Facilities,
1,2015.0,123961.0,University of Southern California,1.0,University Park Campus,43401.0,0.0,0.0,2.0,On_campus_Student_Housing_Facilities,
2,2016.0,123961.0,University of Southern California,1.0,University Park Campus,43871.0,1.0,1.0,4.0,On_campus_Student_Housing_Facilities,
0,2014.0,123961.0,University of Southern California,1.0,University Park Campus,42453.0,3.0,0.0,0.0,Public_Property,
1,2015.0,123961.0,University of Southern California,1.0,University Park Campus,43401.0,0.0,1.0,0.0,Public_Property,
2,2016.0,123961.0,University of Southern California,1.0,University Park Campus,43871.0,2.0,0.0,0.0,Public_Property,
0,2014.0,123961.0,University of Southern California,1.0,University Park Campus,42453.0,3.0,1.0,0.0,Reported_by_Local_State_Police,
1,2015.0,123961.0,University of Southern California,1.0,University Park Campus,43401.0,1.0,5.0,0.0,Reported_by_Local_State_Police,
2,2016.0,123961.0,University of Southern California,1.0,University Park Campus,43871.0,3.0,2.0,0.0,Reported_by_Local_State_Police,
0,2014.0,230764.0,University of Utah,1.0,Main Campus,31515.0,0.0,1.0,2.0,Noncampus,
1,2015.0,230764.0,University of Utah,1.0,Main Campus,31592.0,3.0,1.0,0.0,Noncampus,
2,2016.0,230764.0,University of Utah,1.0,Main Campus,31860.0,0.0,0.0,0.0,Noncampus,
0,2014.0,230764.0,University of Utah,1.0,Main Campus,31515.0,5.0,4.0,14.0,On_campus,
1,2015.0,230764.0,University of Utah,1.0,Main Campus,31592.0,6.0,1.0,28.0,On_campus,
2,2016.0,230764.0,University of Utah,1.0,Main Campus,31860.0,11.0,4.0,26.0,On_campus,
0,2014.0,230764.0,University of Utah,1.0,Main Campus,31515.0,3.0,2.0,1.0,On_campus_Student_Housing_Facilities,
1,2015.0,230764.0,University of Utah,1.0,Main Campus,31592.0,3.0,0.0,4.0,On_campus_Student_Housing_Facilities,
2,2016.0,230764.0,University of Utah,1.0,Main Campus,31860.0,4.0,1.0,6.0,On_campus_Student_Housing_Facilities,
0,2014.0,230764.0,University of Utah,1.0,Main Campus,31515.0,0.0,0.0,0.0,Public_Property,
1,2015.0,230764.0,University of Utah,1.0,Main Campus,31592.0,0.0,1.0,0.0,Public_Property,
2,2016.0,230764.0,University of Utah,1.0,Main Campus,31860.0,0.0,0.0,0.0,Public_Property,
0,2014.0,234076.0,University of Virginia-Main Campus,1.0,Main Campus,23732.0,0.0,0.0,0.0,Noncampus,
1,2015.0,234076.0,University of Virginia-Main Campus,1.0,Main Campus,23883.0,1.0,2.0,0.0,Noncampus,
2,2016.0,234076.0,University of Virginia-Main Campus,1.0,Main Campus,23898.0,1.0,0.0,0.0,Noncampus,
0,2014.0,234076.0,University of Virginia-Main Campus,1.0,Main Campus,23732.0,0.0,1.0,3.0,On_campus,
1,2015.0,234076.0,University of Virginia-Main Campus,1.0,Main Campus,23883.0,7.0,1.0,11.0,On_campus,
2,2016.0,234076.0,University of Virginia-Main Campus,1.0,Main Campus,23898.0,4.0,6.0,16.0,On_campus,
0,2014.0,234076.0,University of Virginia-Main Campus,1.0,Main Campus,23732.0,0.0,1.0,2.0,On_campus_Student_Housing_Facilities,
1,2015.0,234076.0,University of Virginia-Main Campus,1.0,Main Campus,23883.0,1.0,0.0,3.0,On_campus_Student_Housing_Facilities,
2,2016.0,234076.0,University of Virginia-Main Campus,1.0,Main Campus,23898.0,0.0,1.0,4.0,On_campus_Student_Housing_Facilities,
0,2014.0,234076.0,University of Virginia-Main Campus,1.0,Main Campus,23732.0,1.0,0.0,0.0,Public_Property,
1,2015.0,234076.0,University of Virginia-Main Campus,1.0,Main Campus,23883.0,0.0,0.0,0.0,Public_Property,
2,2016.0,234076.0,University of Virginia-Main Campus,1.0,Main Campus,23898.0,0.0,0.0,0.0,Public_Property,
0,2014.0,236948.0,University of Washington-Seattle Campus,1.0,Main Campus,44784.0,4.0,0.0,3.0,Noncampus,
1,2015.0,236948.0,University of Washington-Seattle Campus,1.0,Main Campus,45408.0,5.0,0.0,2.0,Noncampus,
2,2016.0,236948.0,University of Washington-Seattle Campus,1.0,Main Campus,45591.0,4.0,0.0,3.0,Noncampus,
0,2014.0,236948.0,University of Washington-Seattle Campus,1.0,Main Campus,44784.0,18.0,1.0,21.0,On_campus,
1,2015.0,236948.0,University of Washington-Seattle Campus,1.0,Main Campus,45408.0,64.0,2.0,28.0,On_campus,
2,2016.0,236948.0,University of Washington-Seattle Campus,1.0,Main Campus,45591.0,21.0,3.0,37.0,On_campus,
0,2014.0,236948.0,University of Washington-Seattle Campus,1.0,Main Campus,44784.0,8.0,0.0,2.0,On_campus_Student_Housing_Facilities,
1,2015.0,236948.0,University of Washington-Seattle Campus,1.0,Main Campus,45408.0,21.0,1.0,3.0,On_campus_Student_Housing_Facilities,
2,2016.0,236948.0,University of Washington-Seattle Campus,1.0,Main Campus,45591.0,4.0,0.0,4.0,On_campus_Student_Housing_Facilities,
0,2014.0,236948.0,University of Washington-Seattle Campus,1.0,Main Campus,44784.0,0.0,0.0,0.0,Public_Property,
1,2015.0,236948.0,University of Washington-Seattle Campus,1.0,Main Campus,45408.0,0.0,0.0,5.0,Public_Property,
2,2016.0,236948.0,University of Washington-Seattle Campus,1.0,Main Campus,45591.0,0.0,0.0,0.0,Public_Property,
0,2014.0,240444.0,University of Wisconsin-Madison,1.0,Main Campus,42598.0,4.0,0.0,1.0,Noncampus,
1,2015.0,240444.0,University of Wisconsin-Madison,1.0,Main Campus,42716.0,0.0,0.0,0.0,Noncampus,
2,2016.0,240444.0,University of Wisconsin-Madison,1.0,Main Campus,42582.0,0.0,0.0,0.0,Noncampus,
0,2014.0,240444.0,University of Wisconsin-Madison,1.0,Main Campus,42598.0,2.0,8.0,23.0,On_campus,
1,2015.0,240444.0,University of Wisconsin-Madison,1.0,Main Campus,42716.0,6.0,8.0,11.0,On_campus,
2,2016.0,240444.0,University of Wisconsin-Madison,1.0,Main Campus,42582.0,6.0,6.0,28.0,On_campus,
0,2014.0,240444.0,University of Wisconsin-Madison,1.0,Main Campus,42598.0,1.0,4.0,14.0,On_campus_Student_Housing_Facilities,
1,2015.0,240444.0,University of Wisconsin-Madison,1.0,Main Campus,42716.0,1.0,2.0,8.0,On_campus_Student_Housing_Facilities,
2,2016.0,240444.0,University of Wisconsin-Madison,1.0,Main Campus,42582.0,0.0,4.0,13.0,On_campus_Student_Housing_Facilities,
0,2014.0,240444.0,University of Wisconsin-Madison,1.0,Main Campus,42598.0,0.0,2.0,1.0,Public_Property,
1,2015.0,240444.0,University of Wisconsin-Madison,1.0,Main Campus,42716.0,0.0,1.0,0.0,Public_Property,
2,2016.0,240444.0,University of Wisconsin-Madison,1.0,Main Campus,42582.0,0.0,2.0,0.0,Public_Property,
